Transaction ID,Customer ID,Product Category,Product Name,Quantity,Unit Price,Total Amount,Purchase Date,Customer City,Payment Method
TXN-20260001,CUST-2309,Supermarket Sales,Shampoo,4,834.54,3338.16,08/04/2026,Faisalabad,Credit Card
TXN-20260002,CUST-1228,Supermarket Sales,Shampoo,5,818.23,4091.15,26/03/2026,Lahore,EasyPaisa
TXN-20260003,CUST-1051,Electronics,Smart Watch,1,6246.27,6246.27,06/02/2026,Faisalabad,Credit Card
TXN-20260004,CUST-1563,Electronics,Power Bank,3,2570.38,7711.14,28/03/2026,Rawalpindi,EasyPaisa
TXN-20260005,CUST-1501,Electronics,Bluetooth Speaker,5,3623.32,18116.6,08/04/2026,Islamabad,EasyPaisa
TXN-20260006,CUST-1457,Restaurant Orders,Pizza Large,2,1669.38,3338.76,11/06/2026,Multan,Debit Card
TXN-20260007,CUST-1285,Clothing,T-Shirt,1,1192.08,1192.08,12/06/2026,Multan,Cash
TXN-20260008,CUST-1209,Supermarket Sales,Detergent Powder,1,1427.16,1427.16,12/01/2026,Islamabad,Cash
TXN-20260009,CUST-2385,Groceries,Sugar 5kg,2,740.61,1481.22,04/03/2026,Rawalpindi,EasyPaisa
TXN-20260010,CUST-2116,Restaurant Orders,Burger Combo,1,821.95,821.95,06/06/2026,Faisalabad,JazzCash
TXN-20260011,CUST-1178,Clothing,Jacket,2,4685.77,9371.54,01/03/2026,Faisalabad,Debit Card
TXN-20260012,CUST-2209,Supermarket Sales,Body Wash,4,660.84,2643.36,15/03/2026,Multan,JazzCash
TXN-20260013,CUST-1864,Clothing,T-Shirt,3,1193.01,3579.03,31/05/2026,Islamabad,EasyPaisa
TXN-20260014,CUST-1065,Groceries,Tea Pack,2,982.8,1965.6,09/04/2026,Faisalabad,Cash
TXN-20260015,CUST-1061,Clothing,Jacket,5,4532.37,22661.85,17/03/2026,Multan,Debit Card
TXN-20260016,CUST-1191,Electronics,Power Bank,5,2443.62,12218.1,13/01/2026,Rawalpindi,EasyPaisa
TXN-20260017,CUST-1447,Groceries,Basmati Rice 5kg,3,1819.27,5457.81,26/02/2026,Multan,Credit Card
TXN-20260018,CUST-1476,Restaurant Orders,Biryani Platter,2,610.67,1221.34,10/06/2026,Lahore,Cash
TXN-20260019,CUST-2034,Groceries,Tea Pack,3,905.67,2717.01,03/02/2026,Lahore,Debit Card
TXN-20260020,CUST-2232,Groceries,Tea Pack,2,919.19,1838.38,19/05/2026,Islamabad,JazzCash
TXN-20260021,CUST-1054,Restaurant Orders,Biryani Platter,3,619.83,1859.49,04/05/2026,Islamabad,Debit Card
TXN-20260022,CUST-2149,Electronics,Power Bank,2,2615.72,5231.44,27/02/2026,Multan,EasyPaisa
TXN-20260023,CUST-1407,Restaurant Orders,Biryani Platter,4,575.42,2301.68,04/01/2026,Islamabad,JazzCash
TXN-20260024,CUST-2466,Electronics,Power Bank,3,2467.15,7401.45,30/05/2026,Faisalabad,Debit Card
TXN-20260025,CUST-2330,Electronics,Laptop,5,84757.55,423787.75,24/05/2026,Islamabad,JazzCash
TXN-20260026,CUST-2436,Clothing,T-Shirt,4,1216.25,4865,19/03/2026,Multan,EasyPaisa
TXN-20260027,CUST-2116,Electronics,Laptop,1,81135.45,81135.45,19/03/2026,Faisalabad,Cash
TXN-20260028,CUST-1859,Electronics,Laptop,2,88291.7,176583.4,10/04/2026,Faisalabad,Debit Card
TXN-20260029,CUST-1451,Restaurant Orders,Cold Drink 1.5L,2,151.31,302.62,17/04/2026,Multan,Cash
TXN-20260030,CUST-1919,Supermarket Sales,Dishwasher Liquid,3,445.87,1337.61,09/01/2026,Multan,Debit Card
TXN-20260031,CUST-2206,Clothing,Jacket,2,4475.11,8950.22,03/04/2026,Lahore,Debit Card
TXN-20260032,CUST-1569,Restaurant Orders,Biryani Platter,3,573.63,1720.89,18/02/2026,Lahore,EasyPaisa
TXN-20260033,CUST-1013,Electronics,Laptop,5,86204.49,431022.45,06/01/2026,Lahore,Debit Card
TXN-20260034,CUST-1326,Clothing,Jeans,2,2263.14,4526.28,18/01/2026,Rawalpindi,Credit Card
TXN-20260035,CUST-2429,Restaurant Orders,Burger Combo,2,876.61,1753.22,26/03/2026,Karachi,JazzCash
TXN-20260036,CUST-1865,Electronics,Bluetooth Speaker,2,3625.44,7250.88,03/02/2026,Rawalpindi,Debit Card
TXN-20260037,CUST-1696,Clothing,T-Shirt,1,1219.33,1219.33,03/02/2026,Lahore,Debit Card
TXN-20260038,CUST-1569,Clothing,Socks Pack,2,589.43,1178.86,09/03/2026,Lahore,Credit Card
TXN-20260039,CUST-1318,Supermarket Sales,Dishwasher Liquid,1,432.61,432.61,02/05/2026,Faisalabad,Debit Card
TXN-20260040,CUST-1440,Restaurant Orders,Molten Lava Cake,5,432.41,2162.05,26/02/2026,Rawalpindi,Cash
TXN-20260041,CUST-1689,Restaurant Orders,Biryani Platter,1,597.48,597.48,16/01/2026,Faisalabad,EasyPaisa
TXN-20260042,CUST-1209,Supermarket Sales,Shampoo,4,849.17,3396.68,19/01/2026,Lahore,Debit Card
TXN-20260043,CUST-1189,Restaurant Orders,Burger Combo,3,813.08,2439.24,09/06/2026,Multan,JazzCash
TXN-20260044,CUST-1778,Restaurant Orders,Biryani Platter,5,592.85,2964.25,16/05/2026,Islamabad,EasyPaisa
TXN-20260045,CUST-1198,Restaurant Orders,Molten Lava Cake,1,446.86,,17/06/2026,Multan,JazzCash
TXN-20260046,CUST-1735,Clothing,Jacket,2,4478.2,8956.4,16/04/2026,Islamabad,EasyPaisa
TXN-20260047,CUST-1704,Supermarket Sales,Toothpaste,3,358.04,1074.12,20/04/2026,Islamabad,Debit Card
TXN-20260048,CUST-2236,Groceries,Basmati Rice 5kg,4,1833.63,7334.52,18/01/2026,Lahore,Cash
TXN-20260049,CUST-1541,Electronics,Power Bank,3,2399.14,7197.42,03/02/2026,Rawalpindi,Cash
TXN-20260050,CUST-1088,Restaurant Orders,Molten Lava Cake,1,452.78,,16/04/2026,Islamabad,EasyPaisa
TXN-20260051,CUST-2494,Electronics,Bluetooth Speaker,3,3535.14,10605.42,27/01/2026,Rawalpindi,JazzCash
TXN-20260052,CUST-1940,Clothing,Jeans,2,2234.48,4468.96,28/01/2026,Islamabad,JazzCash
TXN-20260053,CUST-2098,Groceries,Cooking Oil 5L,5,2668.28,13341.4,27/02/2026,Faisalabad,JazzCash
TXN-20260054,CUST-1255,Restaurant Orders,Molten Lava Cake,5,457.87,2289.35,07/01/2026,Rawalpindi,Debit Card
TXN-20260055,CUST-1775,Electronics,Laptop,3,83072.8,249218.4,28/03/2026,Islamabad,Cash
TXN-20260056,CUST-1161,Clothing,Jeans,4,2214.59,8858.36,18/01/2026,Karachi,Cash
TXN-20260057,CUST-2130,Electronics,Smart Watch,4,5829.08,23316.32,27/04/2026,Islamabad,Credit Card
TXN-20260058,CUST-1600,Groceries,Sugar 5kg,5,766.62,3833.1,02/06/2026,Lahore,Cash
TXN-20260059,CUST-2287,Clothing,Jeans,1,2255.98,,21/01/2026,Islamabad,EasyPaisa
TXN-20260060,CUST-2266,Supermarket Sales,Toothpaste,4,353.75,1415,11/03/2026,Karachi,JazzCash
TXN-20260061,CUST-1740,Electronics,Bluetooth Speaker,3,3475.47,10426.41,01/06/2026,Faisalabad,JazzCash
TXN-20260062,CUST-2182,Groceries,Cooking Oil 5L,5,2527.33,12636.65,15/01/2026,Lahore,Credit Card
TXN-20260063,CUST-1393,Groceries,Basmati Rice 5kg,3,1848.12,5544.36,16/03/2026,Islamabad,Cash
TXN-20260064,CUST-2442,Electronics,Power Bank,2,2561.75,5123.5,03/02/2026,Faisalabad,JazzCash
TXN-20260065,CUST-1142,Clothing,Socks Pack,3,603.52,1810.56,19/01/2026,Faisalabad,Cash
TXN-20260066,CUST-1093,Supermarket Sales,Shampoo,1,846.58,846.58,22/03/2026,Rawalpindi,EasyPaisa
TXN-20260067,CUST-2354,Restaurant Orders,Cold Drink 1.5L,4,153.14,612.56,16/03/2026,Lahore,EasyPaisa
TXN-20260068,CUST-1466,Electronics,Bluetooth Speaker,5,3385.16,16925.8,28/04/2026,Multan,Debit Card
TXN-20260069,CUST-1592,Electronics,Power Bank,2,2586.12,5172.24,22/04/2026,Rawalpindi,EasyPaisa
TXN-20260070,CUST-1163,Restaurant Orders,Pizza Large,3,1632.8,4898.4,28/03/2026,Karachi,Debit Card
TXN-20260071,CUST-1476,Clothing,T-Shirt,1,1201.26,1201.26,16/05/2026,Rawalpindi,Credit Card
TXN-20260072,CUST-1206,Groceries,Sugar 5kg,2,767.05,1534.1,02/03/2026,Lahore,Credit Card
TXN-20260073,CUST-1778,Groceries,Basmati Rice 5kg,2,1741.23,3482.46,17/06/2026,Lahore,Credit Card
TXN-20260074,CUST-1569,Supermarket Sales,Toothpaste,5,358.91,1794.55,25/04/2026,Multan,JazzCash
TXN-20260075,CUST-1928,Restaurant Orders,Biryani Platter,3,621.85,1865.55,08/02/2026,Faisalabad,Cash
TXN-20260076,CUST-2301,Supermarket Sales,Toothpaste,3,354.6,1063.8,01/06/2026,Lahore,Debit Card
TXN-20260077,CUST-1747,Restaurant Orders,Pizza Large,4,1618.72,6474.88,10/01/2026,Lahore,Debit Card
TXN-20260078,CUST-1333,Groceries,Cooking Oil 5L,1,2637.61,2637.61,07/06/2026,Rawalpindi,JazzCash
TXN-20260079,CUST-1758,Supermarket Sales,Toothpaste,1,352.81,352.81,26/04/2026,Rawalpindi,Credit Card
TXN-20260080,CUST-1727,Groceries,Milk Pack 1L,2,289.29,578.58,16/01/2026,Faisalabad,Cash
TXN-20260081,CUST-1429,Groceries,Cooking Oil 5L,2,2601.18,5202.36,11/01/2026,Karachi,EasyPaisa
TXN-20260082,CUST-2372,Supermarket Sales,Dishwasher Liquid,2,451.02,902.04,04/04/2026,Islamabad,Debit Card
TXN-20260083,CUST-1546,Supermarket Sales,Toothpaste,5,359.61,1798.05,14/01/2026,Multan,Debit Card
TXN-20260084,CUST-2437,Electronics,Bluetooth Speaker,4,3358.08,13432.32,14/03/2026,Islamabad,JazzCash
TXN-20260085,CUST-2399,Clothing,Kurtas,2,2874.45,5748.9,31/03/2026,Islamabad,EasyPaisa
TXN-20260086,CUST-2327,Clothing,Socks Pack,1,612.53,612.53,21/03/2026,Rawalpindi,EasyPaisa
TXN-20260087,CUST-1146,Groceries,Basmati Rice 5kg,5,1830.62,9153.1,24/01/2026,Multan,EasyPaisa
TXN-20260088,CUST-2247,Restaurant Orders,Biryani Platter,3,571.09,1713.27,16/02/2026,Karachi,Debit Card
TXN-20260089,CUST-2300,Supermarket Sales,Detergent Powder,2,1361.72,2723.44,09/02/2026,Lahore,Debit Card
TXN-20260090,CUST-1350,Electronics,Smart Watch,5,6162.52,30812.6,10/01/2026,Multan,Debit Card
TXN-20260091,CUST-2093,Restaurant Orders,Burger Combo,2,858.27,1716.54,11/02/2026,Karachi,JazzCash
TXN-20260092,CUST-2493,Clothing,Jacket,3,4294.66,12883.98,02/03/2026,Faisalabad,JazzCash
TXN-20260093,CUST-1501,Groceries,Tea Pack,2,924.73,1849.46,21/03/2026,Faisalabad,Credit Card
TXN-20260094,CUST-1334,Groceries,Milk Pack 1L,4,304.05,1216.2,14/03/2026,Faisalabad,JazzCash
TXN-20260095,CUST-1946,Restaurant Orders,Cold Drink 1.5L,2,156.99,313.98,04/06/2026,Karachi,Debit Card
TXN-20260096,CUST-1777,Electronics,Power Bank,5,2593.53,12967.65,27/01/2026,Multan,JazzCash
TXN-20260097,CUST-1552,Electronics,Bluetooth Speaker,2,3354.36,6708.72,11/03/2026,Faisalabad,JazzCash
TXN-20260098,CUST-2310,Clothing,Jacket,2,4316.27,8632.54,26/04/2026,Islamabad,Cash
TXN-20260099,CUST-2409,Supermarket Sales,Shampoo,3,841.2,2523.6,02/03/2026,Faisalabad,Cash
TXN-20260100,CUST-2140,Groceries,Basmati Rice 5kg,1,1715.07,1715.07,16/06/2026,Islamabad,Credit Card
TXN-20260101,CUST-1449,Clothing,T-Shirt,4,1174.43,4697.72,05/02/2026,Multan,EasyPaisa
TXN-20260102,CUST-2402,Supermarket Sales,Dishwasher Liquid,1,427.74,,05/01/2026,Islamabad,Credit Card
TXN-20260103,CUST-1664,Clothing,Socks Pack,5,626.41,3132.05,16/05/2026,Faisalabad,Cash
TXN-20260104,CUST-1114,Groceries,Basmati Rice 5kg,1,1764.21,1764.21,03/03/2026,Faisalabad,JazzCash
TXN-20260105,CUST-1469,Supermarket Sales,Shampoo,4,816.92,3267.68,02/06/2026,Rawalpindi,Cash
TXN-20260106,CUST-1065,Restaurant Orders,Molten Lava Cake,2,438.39,876.78,16/03/2026,Faisalabad,Cash
TXN-20260107,CUST-1646,Restaurant Orders,Biryani Platter,4,584.43,2337.72,17/02/2026,Multan,Cash
TXN-20260108,CUST-1821,Restaurant Orders,Biryani Platter,5,574.06,2870.3,20/05/2026,Rawalpindi,JazzCash
TXN-20260109,CUST-1548,Restaurant Orders,Pizza Large,4,1631.92,6527.68,12/01/2026,Multan,EasyPaisa
TXN-20260110,CUST-1135,Groceries,Sugar 5kg,3,768.55,2305.65,18/01/2026,Islamabad,Credit Card
TXN-20260111,CUST-1432,Electronics,Smart Watch,3,6141.11,18423.33,04/02/2026,Lahore,Debit Card
TXN-20260112,CUST-2161,Restaurant Orders,Biryani Platter,2,618.81,1237.62,29/04/2026,Multan,EasyPaisa
TXN-20260113,CUST-2470,Clothing,Jeans,4,2103.88,8415.52,10/01/2026,Islamabad,Credit Card
TXN-20260114,CUST-1644,Electronics,Laptop,3,88279.22,264837.66,21/03/2026,Rawalpindi,EasyPaisa
TXN-20260115,CUST-1435,Restaurant Orders,Cold Drink 1.5L,2,146.3,292.6,15/03/2026,Islamabad,Cash
TXN-20260116,CUST-2342,Groceries,Sugar 5kg,3,721.84,2165.52,22/04/2026,Faisalabad,EasyPaisa
TXN-20260117,CUST-2022,Supermarket Sales,Body Wash,4,680.79,2723.16,08/05/2026,Islamabad,JazzCash
TXN-20260118,CUST-1810,Groceries,Cooking Oil 5L,1,2659.04,2659.04,21/04/2026,Rawalpindi,Credit Card
TXN-20260119,CUST-2316,Restaurant Orders,Biryani Platter,1,589.27,589.27,25/03/2026,Multan,Debit Card
TXN-20260120,CUST-1939,Groceries,Tea Pack,4,959.75,3839,12/02/2026,Multan,EasyPaisa
TXN-20260121,CUST-1292,Groceries,Tea Pack,3,906.52,2719.56,07/06/2026,Faisalabad,Debit Card
TXN-20260122,CUST-1542,Electronics,Smart Phone,4,45770.33,183081.32,04/04/2026,Rawalpindi,Credit Card
TXN-20260123,CUST-1285,Electronics,Laptop,4,87963.69,351854.76,09/01/2026,Karachi,Cash
TXN-20260124,CUST-1505,Clothing,Kurtas,5,2958.65,14793.25,09/01/2026,Rawalpindi,Credit Card
TXN-20260125,CUST-2149,Supermarket Sales,Body Wash,1,641.68,641.68,27/05/2026,Karachi,JazzCash
TXN-20260126,CUST-2103,Groceries,Tea Pack,3,932.37,2797.11,05/03/2026,Lahore,Cash
TXN-20260127,CUST-1538,Clothing,Jacket,5,4507.99,22539.95,31/01/2026,Islamabad,Debit Card
TXN-20260128,CUST-2197,Supermarket Sales,Detergent Powder,3,1469.49,4408.47,06/05/2026,Karachi,Cash
TXN-20260129,CUST-1877,Clothing,T-Shirt,4,1194.25,4777,23/01/2026,Multan,Debit Card
TXN-20260130,CUST-2195,Groceries,Cooking Oil 5L,3,2613,7839,18/03/2026,Karachi,Credit Card
TXN-20260131,CUST-1817,Groceries,Milk Pack 1L,2,282,564,05/02/2026,Karachi,EasyPaisa
TXN-20260132,CUST-1741,Electronics,Bluetooth Speaker,3,3518.91,10556.73,30/04/2026,Rawalpindi,Credit Card
TXN-20260133,CUST-1449,Restaurant Orders,Pizza Large,4,1578.35,6313.4,03/05/2026,Rawalpindi,EasyPaisa
TXN-20260134,CUST-1283,Supermarket Sales,Dishwasher Liquid,3,430.82,1292.46,14/06/2026,Lahore,EasyPaisa
TXN-20260135,CUST-2043,Supermarket Sales,Dishwasher Liquid,5,443,2215,13/06/2026,Rawalpindi,Credit Card
TXN-20260136,CUST-2010,Clothing,Jacket,1,4501.29,4501.29,01/02/2026,Rawalpindi,Credit Card
TXN-20260137,CUST-1186,Groceries,Basmati Rice 5kg,2,1739.15,3478.3,30/03/2026,Rawalpindi,Debit Card
TXN-20260138,CUST-1096,Electronics,Bluetooth Speaker,5,3393.71,16968.55,12/03/2026,Karachi,Debit Card
TXN-20260139,CUST-1224,Restaurant Orders,Molten Lava Cake,2,431.7,863.4,01/06/2026,Rawalpindi,Credit Card
TXN-20260140,CUST-1313,Clothing,Socks Pack,5,613.24,3066.2,28/03/2026,Rawalpindi,Cash
TXN-20260141,CUST-2285,Electronics,Smart Phone,5,42954.58,214772.9,09/03/2026,Multan,Credit Card
TXN-20260142,CUST-1327,Restaurant Orders,Cold Drink 1.5L,1,151.77,151.77,08/05/2026,Multan,JazzCash
TXN-20260143,CUST-2393,Groceries,Sugar 5kg,4,748.72,2994.88,18/03/2026,Faisalabad,Cash
TXN-20260144,CUST-1864,Electronics,Laptop,4,84486.65,337946.6,29/04/2026,Karachi,Debit Card
TXN-20260145,CUST-2221,Restaurant Orders,Burger Combo,3,834.07,2502.21,30/03/2026,Faisalabad,Credit Card
TXN-20260146,CUST-1130,Groceries,Milk Pack 1L,3,291.79,875.37,03/03/2026,Faisalabad,Cash
TXN-20260147,CUST-1788,Groceries,Tea Pack,1,926.05,926.05,13/01/2026,Islamabad,EasyPaisa
TXN-20260148,CUST-1781,Restaurant Orders,Cold Drink 1.5L,2,146.22,292.44,25/03/2026,Rawalpindi,Debit Card
TXN-20260149,CUST-2220,Clothing,Jeans,5,2199.62,10998.1,30/04/2026,Faisalabad,Debit Card
TXN-20260150,CUST-1958,Supermarket Sales,Shampoo,4,815.15,3260.6,10/05/2026,Faisalabad,Credit Card
TXN-20260151,CUST-2083,Clothing,Socks Pack,1,591.17,591.17,14/03/2026,Faisalabad,JazzCash
TXN-20260152,CUST-1514,Supermarket Sales,Body Wash,1,652.38,652.38,21/04/2026,Karachi,Debit Card
TXN-20260153,CUST-2133,Groceries,Tea Pack,4,937.26,3749.04,14/01/2026,Rawalpindi,JazzCash
TXN-20260154,CUST-1023,Clothing,Kurtas,1,3015.97,3015.97,09/04/2026,Rawalpindi,EasyPaisa
TXN-20260155,CUST-2393,Restaurant Orders,Biryani Platter,5,619.52,3097.6,06/06/2026,Lahore,Credit Card
TXN-20260156,CUST-2476,Electronics,Power Bank,3,2468.3,7404.9,23/05/2026,Islamabad,Credit Card
TXN-20260157,CUST-1234,Clothing,Socks Pack,5,600.55,3002.75,11/01/2026,Lahore,Cash
TXN-20260158,CUST-2396,Clothing,Kurtas,5,3091.19,15455.95,27/04/2026,Karachi,JazzCash
TXN-20260159,CUST-2099,Restaurant Orders,Burger Combo,5,835.38,4176.9,23/03/2026,Karachi,EasyPaisa
TXN-20260160,CUST-1546,Restaurant Orders,Biryani Platter,5,605.62,3028.1,11/05/2026,Rawalpindi,EasyPaisa
TXN-20260161,CUST-2312,Restaurant Orders,Biryani Platter,1,598.49,598.49,05/04/2026,Islamabad,Cash
TXN-20260162,CUST-1696,Supermarket Sales,Dishwasher Liquid,1,441.35,441.35,02/06/2026,Faisalabad,Debit Card
TXN-20260163,CUST-1228,Restaurant Orders,Molten Lava Cake,1,437.74,437.74,30/05/2026,Faisalabad,Credit Card
TXN-20260164,CUST-1601,Restaurant Orders,Molten Lava Cake,4,462.36,1849.44,07/02/2026,Multan,Credit Card
TXN-20260165,CUST-1890,Electronics,Smart Watch,1,6268.92,6268.92,18/02/2026,Lahore,EasyPaisa
TXN-20260166,CUST-1323,Groceries,Tea Pack,2,916.89,1833.78,16/04/2026,Rawalpindi,JazzCash
TXN-20260167,CUST-1929,Supermarket Sales,Shampoo,5,867.49,4337.45,23/02/2026,Rawalpindi,Debit Card
TXN-20260168,CUST-1006,Supermarket Sales,Dishwasher Liquid,2,444.46,888.92,28/04/2026,Rawalpindi,Debit Card
TXN-20260169,CUST-2478,Restaurant Orders,Biryani Platter,3,610.55,1831.65,06/06/2026,Faisalabad,Credit Card
TXN-20260170,CUST-2473,Clothing,Kurtas,2,3017.43,6034.86,18/03/2026,Islamabad,Credit Card
TXN-20260171,CUST-1539,Supermarket Sales,Body Wash,5,648.69,,12/03/2026,Islamabad,Cash
TXN-20260172,CUST-2025,Restaurant Orders,Molten Lava Cake,4,444.59,1778.36,30/03/2026,Karachi,Debit Card
TXN-20260173,CUST-1365,Electronics,Bluetooth Speaker,1,3659.36,3659.36,30/03/2026,Faisalabad,Debit Card
TXN-20260174,CUST-2039,Supermarket Sales,Detergent Powder,5,1358.29,6791.45,11/03/2026,Rawalpindi,Debit Card
TXN-20260175,CUST-1217,Clothing,T-Shirt,5,1213.88,6069.4,03/03/2026,Karachi,Cash
TXN-20260176,CUST-2280,Restaurant Orders,Burger Combo,1,861.73,861.73,26/01/2026,Faisalabad,Debit Card
TXN-20260177,CUST-1611,Supermarket Sales,Shampoo,2,865.4,1730.8,02/01/2026,Rawalpindi,Credit Card
TXN-20260178,CUST-2308,Supermarket Sales,Toothpaste,2,349.21,698.42,15/03/2026,Islamabad,Debit Card
TXN-20260179,CUST-2039,Electronics,Smart Phone,2,45685.34,91370.68,17/05/2026,Multan,Cash
TXN-20260180,CUST-2247,Clothing,Jacket,2,4672.01,9344.02,10/01/2026,Faisalabad,EasyPaisa
TXN-20260181,CUST-1407,Clothing,Kurtas,1,3113.02,3113.02,18/03/2026,Rawalpindi,JazzCash
TXN-20260182,CUST-1313,Electronics,Bluetooth Speaker,5,3424.6,17123,15/05/2026,Faisalabad,Credit Card
TXN-20260183,CUST-1765,Restaurant Orders,Cold Drink 1.5L,1,146.59,146.59,26/03/2026,Karachi,EasyPaisa
TXN-20260184,CUST-1330,Groceries,Basmati Rice 5kg,3,1712.54,5137.62,17/03/2026,Rawalpindi,Credit Card
TXN-20260185,CUST-2104,Clothing,Socks Pack,4,621.37,2485.48,20/04/2026,Rawalpindi,Debit Card
TXN-20260186,CUST-2086,Electronics,Power Bank,2,2542.31,5084.62,05/02/2026,Faisalabad,Debit Card
TXN-20260187,CUST-1001,Clothing,T-Shirt,2,1171.29,2342.58,25/04/2026,Islamabad,Debit Card
TXN-20260188,CUST-2226,Groceries,Milk Pack 1L,1,296.46,296.46,08/03/2026,Multan,Debit Card
TXN-20260189,CUST-1663,Clothing,T-Shirt,4,1220.13,4880.52,20/03/2026,Karachi,EasyPaisa
TXN-20260190,CUST-2000,Restaurant Orders,Biryani Platter,3,611.42,1834.26,05/04/2026,Rawalpindi,Credit Card
TXN-20260191,CUST-1039,Clothing,Jeans,4,2195.2,8780.8,05/06/2026,Islamabad,EasyPaisa
TXN-20260192,CUST-1229,Restaurant Orders,Cold Drink 1.5L,2,153.86,307.72,05/03/2026,Multan,JazzCash
TXN-20260193,CUST-1743,Electronics,Smart Watch,3,5968.05,17904.15,20/01/2026,Rawalpindi,Cash
TXN-20260194,CUST-1629,Electronics,Smart Watch,2,6241.73,12483.46,27/05/2026,Rawalpindi,Credit Card
TXN-20260195,CUST-1490,Clothing,Kurtas,4,3106.35,12425.4,30/01/2026,Multan,Credit Card
TXN-20260196,CUST-1118,Restaurant Orders,Cold Drink 1.5L,5,143.86,719.3,25/04/2026,Lahore,EasyPaisa
TXN-20260197,CUST-1493,Clothing,Socks Pack,5,594.93,2974.65,15/01/2026,Rawalpindi,EasyPaisa
TXN-20260198,CUST-2161,Groceries,Cooking Oil 5L,1,2572.95,2572.95,25/02/2026,Rawalpindi,Cash
TXN-20260199,CUST-1161,Electronics,Power Bank,1,2461.13,2461.13,19/05/2026,Lahore,Cash
TXN-20260200,CUST-1175,Supermarket Sales,Shampoo,2,831.9,1663.8,04/02/2026,Multan,EasyPaisa
TXN-20260201,CUST-2498,Groceries,Tea Pack,4,945.11,3780.44,07/04/2026,Lahore,JazzCash
TXN-20260202,CUST-1995,Clothing,Kurtas,5,2885.59,14427.95,11/04/2026,Rawalpindi,Credit Card
TXN-20260203,CUST-1141,Clothing,T-Shirt,3,1230.74,3692.22,29/04/2026,Multan,JazzCash
TXN-20260204,CUST-2090,Supermarket Sales,Dishwasher Liquid,2,444.57,889.14,05/03/2026,Faisalabad,Debit Card
TXN-20260205,CUST-1257,Clothing,Kurtas,1,2906.54,2906.54,09/01/2026,Multan,EasyPaisa
TXN-20260206,CUST-1262,Restaurant Orders,Pizza Large,1,1607.21,1607.21,26/01/2026,Rawalpindi,Cash
TXN-20260207,CUST-2351,Supermarket Sales,Dishwasher Liquid,1,457.74,457.74,04/03/2026,Multan,Cash
TXN-20260208,CUST-1973,Supermarket Sales,Toothpaste,2,340.7,681.4,15/01/2026,Karachi,JazzCash
TXN-20260209,CUST-2125,Groceries,Basmati Rice 5kg,5,1856.84,9284.2,23/03/2026,Rawalpindi,JazzCash
TXN-20260210,CUST-1338,Groceries,Basmati Rice 5kg,2,1764.32,3528.64,19/06/2026,Rawalpindi,Credit Card
TXN-20260211,CUST-1542,Supermarket Sales,Body Wash,5,635.39,3176.95,01/06/2026,Multan,Credit Card
TXN-20260212,CUST-2080,Supermarket Sales,Dishwasher Liquid,3,449.8,1349.4,14/06/2026,Multan,EasyPaisa
TXN-20260213,CUST-2242,Restaurant Orders,Biryani Platter,4,611.78,2447.12,08/02/2026,Islamabad,EasyPaisa
TXN-20260214,CUST-1866,Clothing,Socks Pack,2,598.41,1196.82,18/03/2026,Multan,Credit Card
TXN-20260215,CUST-1433,Supermarket Sales,Shampoo,4,855.3,3421.2,23/05/2026,Rawalpindi,Credit Card
TXN-20260216,CUST-2104,Supermarket Sales,Detergent Powder,3,1365.7,4097.1,15/06/2026,Lahore,EasyPaisa
TXN-20260217,CUST-2494,Groceries,Cooking Oil 5L,2,2609.27,5218.54,14/01/2026,Islamabad,EasyPaisa
TXN-20260218,CUST-2412,Restaurant Orders,Molten Lava Cake,1,429.28,429.28,18/02/2026,Rawalpindi,JazzCash
TXN-20260219,CUST-1411,Clothing,Jacket,3,4369,13107,19/03/2026,Lahore,Credit Card
TXN-20260220,CUST-2460,Clothing,T-Shirt,4,1229.63,4918.52,04/03/2026,Multan,JazzCash
TXN-20260221,CUST-1638,Clothing,Jacket,5,4686.81,23434.05,24/03/2026,Islamabad,EasyPaisa
TXN-20260222,CUST-1817,Supermarket Sales,Dishwasher Liquid,3,456.69,1370.07,08/03/2026,Islamabad,JazzCash
TXN-20260223,CUST-2375,Supermarket Sales,Toothpaste,4,335.95,1343.8,23/03/2026,Karachi,Debit Card
TXN-20260224,CUST-2330,Groceries,Tea Pack,2,906.84,1813.68,07/02/2026,Lahore,Debit Card
TXN-20260225,CUST-1764,Restaurant Orders,Molten Lava Cake,4,453.56,1814.24,17/03/2026,Karachi,Credit Card
TXN-20260226,CUST-1897,Groceries,Basmati Rice 5kg,2,1778.37,3556.74,08/05/2026,Rawalpindi,Debit Card
TXN-20260227,CUST-2059,Groceries,Tea Pack,4,994.32,3977.28,28/04/2026,Karachi,Debit Card
TXN-20260228,CUST-1924,Clothing,Jeans,4,2248.47,8993.88,17/02/2026,Rawalpindi,Cash
TXN-20260229,CUST-1247,Restaurant Orders,Pizza Large,1,1705.95,1705.95,13/01/2026,Lahore,EasyPaisa
TXN-20260230,CUST-1507,Clothing,Jeans,2,2104.95,4209.9,03/01/2026,Karachi,JazzCash
TXN-20260231,CUST-1460,Supermarket Sales,Body Wash,5,621.43,3107.15,04/05/2026,Multan,EasyPaisa
TXN-20260232,CUST-1131,Electronics,Smart Phone,4,45144.96,180579.84,04/01/2026,Lahore,JazzCash
TXN-20260233,CUST-1692,Groceries,Milk Pack 1L,1,303.85,303.85,09/05/2026,Multan,EasyPaisa
TXN-20260234,CUST-1043,Clothing,T-Shirt,5,1250.17,6250.85,08/02/2026,Karachi,Credit Card
TXN-20260235,CUST-2204,Restaurant Orders,Molten Lava Cake,3,438.86,1316.58,10/03/2026,Faisalabad,Cash
TXN-20260236,CUST-2134,Groceries,Tea Pack,2,946.1,1892.2,27/02/2026,Islamabad,Cash
TXN-20260237,CUST-1471,Electronics,Smart Phone,4,44573.75,178295,22/05/2026,Faisalabad,Cash
TXN-20260238,CUST-2205,Electronics,Laptop,4,81452.83,325811.32,15/06/2026,Islamabad,JazzCash
TXN-20260239,CUST-1451,Electronics,Smart Watch,2,6251.49,12502.98,24/02/2026,Multan,JazzCash
TXN-20260240,CUST-1014,Supermarket Sales,Body Wash,1,620.53,620.53,13/03/2026,Rawalpindi,JazzCash
TXN-20260241,CUST-1145,Electronics,Laptop,3,88644.51,,05/01/2026,Karachi,JazzCash
TXN-20260242,CUST-2449,Clothing,Jacket,3,4692.99,14078.97,11/02/2026,Rawalpindi,Credit Card
TXN-20260243,CUST-2292,Restaurant Orders,Cold Drink 1.5L,5,152.66,763.3,26/03/2026,Faisalabad,Credit Card
TXN-20260244,CUST-1120,Electronics,Smart Watch,3,6147.27,18441.81,14/01/2026,Lahore,EasyPaisa
TXN-20260245,CUST-1468,Clothing,T-Shirt,5,1180.87,5904.35,02/06/2026,Faisalabad,Debit Card
TXN-20260246,CUST-1138,Electronics,Bluetooth Speaker,4,3599.24,14396.96,06/05/2026,Karachi,Debit Card
TXN-20260247,CUST-1064,Restaurant Orders,Cold Drink 1.5L,5,148.98,744.9,19/06/2026,Faisalabad,Cash
TXN-20260248,CUST-1676,Restaurant Orders,Biryani Platter,1,617.88,617.88,22/01/2026,Islamabad,Credit Card
TXN-20260249,CUST-1145,Supermarket Sales,Detergent Powder,3,1433.55,4300.65,03/04/2026,Lahore,Cash
TXN-20260250,CUST-2052,Electronics,Bluetooth Speaker,3,3480.66,10441.98,27/01/2026,Karachi,Cash
TXN-20260251,CUST-1487,Clothing,Jacket,5,4476.98,22384.9,12/05/2026,Faisalabad,Cash
TXN-20260252,CUST-1570,Electronics,Smart Phone,1,44342.61,44342.61,02/06/2026,Rawalpindi,Debit Card
TXN-20260253,CUST-2370,Supermarket Sales,Shampoo,4,832.31,3329.24,22/01/2026,Multan,JazzCash
TXN-20260254,CUST-1994,Clothing,Socks Pack,4,601.27,2405.08,13/02/2026,Karachi,Debit Card
TXN-20260255,CUST-1438,Groceries,Sugar 5kg,1,749.48,749.48,12/02/2026,Faisalabad,Debit Card
TXN-20260256,CUST-2104,Supermarket Sales,Body Wash,1,648.98,648.98,03/04/2026,Islamabad,Credit Card
TXN-20260257,CUST-1270,Supermarket Sales,Dishwasher Liquid,4,455.25,1821,28/01/2026,Karachi,Debit Card
TXN-20260258,CUST-2481,Electronics,Power Bank,5,2458.05,12290.25,08/04/2026,Islamabad,EasyPaisa
TXN-20260259,CUST-2169,Groceries,Tea Pack,5,979.97,4899.85,04/02/2026,Islamabad,Debit Card
TXN-20260260,CUST-2180,Restaurant Orders,Burger Combo,2,848.22,1696.44,12/04/2026,Islamabad,Debit Card
TXN-20260261,CUST-1968,Supermarket Sales,Dishwasher Liquid,3,462.69,1388.07,07/04/2026,Islamabad,EasyPaisa
TXN-20260262,CUST-1497,Groceries,Cooking Oil 5L,2,2712.34,5424.68,01/06/2026,Rawalpindi,Credit Card
TXN-20260263,CUST-1968,Restaurant Orders,Pizza Large,4,1724.75,6899,23/02/2026,Faisalabad,Debit Card
TXN-20260264,CUST-1833,Electronics,Power Bank,2,2543.24,5086.48,12/06/2026,Islamabad,Credit Card
TXN-20260265,CUST-1389,Groceries,Basmati Rice 5kg,4,1838.74,7354.96,19/01/2026,Faisalabad,JazzCash
TXN-20260266,CUST-1193,Supermarket Sales,Dishwasher Liquid,5,445.54,2227.7,18/04/2026,Rawalpindi,Cash
TXN-20260267,CUST-1198,Groceries,Milk Pack 1L,1,292.72,292.72,28/01/2026,Karachi,Debit Card
TXN-20260268,CUST-2349,Clothing,Socks Pack,4,572.66,2290.64,26/03/2026,Faisalabad,Cash
TXN-20260269,CUST-1882,Electronics,Smart Phone,5,43914.32,219571.6,13/05/2026,Rawalpindi,JazzCash
TXN-20260270,CUST-1725,Restaurant Orders,Burger Combo,4,845.39,3381.56,29/04/2026,Multan,JazzCash
TXN-20260271,CUST-1867,Restaurant Orders,Burger Combo,1,836.82,836.82,04/05/2026,Lahore,Debit Card
TXN-20260272,CUST-1841,Supermarket Sales,Shampoo,2,817.37,1634.74,31/03/2026,Islamabad,Debit Card
TXN-20260273,CUST-1956,Supermarket Sales,Detergent Powder,3,1402.96,4208.88,02/05/2026,Lahore,EasyPaisa
TXN-20260274,CUST-2493,Supermarket Sales,Body Wash,1,621.87,621.87,30/01/2026,Lahore,Debit Card
TXN-20260275,CUST-1110,Electronics,Laptop,2,88654.34,177308.68,13/05/2026,Karachi,JazzCash
TXN-20260276,CUST-2379,Clothing,Kurtas,4,3017.95,12071.8,01/03/2026,Faisalabad,Credit Card
TXN-20260277,CUST-2338,Clothing,Jacket,5,4453.01,22265.05,20/02/2026,Faisalabad,JazzCash
TXN-20260278,CUST-2323,Supermarket Sales,Toothpaste,2,332.66,665.32,22/02/2026,Islamabad,Cash
TXN-20260279,CUST-1201,Restaurant Orders,Pizza Large,5,1699.42,8497.1,17/02/2026,Islamabad,Debit Card
TXN-20260280,CUST-1124,Clothing,Jacket,4,4326.28,17305.12,16/05/2026,Multan,Debit Card
TXN-20260281,CUST-1824,Restaurant Orders,Cold Drink 1.5L,5,151.67,758.35,30/01/2026,Islamabad,Debit Card
TXN-20260282,CUST-2491,Supermarket Sales,Dishwasher Liquid,3,435.26,1305.78,07/06/2026,Rawalpindi,Cash
TXN-20260283,CUST-1694,Clothing,Kurtas,3,2885.36,8656.08,30/01/2026,Karachi,Debit Card
TXN-20260284,CUST-1223,Clothing,Socks Pack,5,593.31,2966.55,05/02/2026,Rawalpindi,EasyPaisa
TXN-20260285,CUST-1509,Supermarket Sales,Detergent Powder,5,1398.13,6990.65,15/06/2026,Karachi,JazzCash
TXN-20260286,CUST-1392,Clothing,Jacket,2,4404.98,8809.96,22/03/2026,Faisalabad,JazzCash
TXN-20260287,CUST-1389,Electronics,Bluetooth Speaker,4,3658.14,14632.56,04/02/2026,Karachi,EasyPaisa
TXN-20260288,CUST-2098,Restaurant Orders,Molten Lava Cake,4,456.89,1827.56,06/05/2026,Faisalabad,EasyPaisa
TXN-20260289,CUST-1918,Supermarket Sales,Detergent Powder,1,1341.57,1341.57,26/02/2026,Islamabad,Cash
TXN-20260290,CUST-1287,Groceries,Basmati Rice 5kg,2,1806.77,3613.54,28/04/2026,Rawalpindi,EasyPaisa
TXN-20260291,CUST-1864,Restaurant Orders,Molten Lava Cake,1,432.59,432.59,10/03/2026,Rawalpindi,Debit Card
TXN-20260292,CUST-1375,Restaurant Orders,Pizza Large,4,1692.9,6771.6,20/05/2026,Karachi,EasyPaisa
TXN-20260293,CUST-1570,Electronics,Laptop,1,83280.53,83280.53,26/04/2026,Islamabad,Debit Card
TXN-20260294,CUST-1947,Electronics,Power Bank,1,2591.32,2591.32,02/03/2026,Karachi,JazzCash
TXN-20260295,CUST-1511,Groceries,Milk Pack 1L,2,293.85,587.7,07/06/2026,Karachi,Credit Card
TXN-20260296,CUST-1154,Clothing,T-Shirt,5,1208.41,6042.05,13/03/2026,Rawalpindi,JazzCash
TXN-20260297,CUST-1907,Clothing,Kurtas,3,3143.7,9431.1,16/03/2026,Rawalpindi,Debit Card
TXN-20260298,CUST-2127,Restaurant Orders,Pizza Large,4,1589.87,6359.48,16/01/2026,Islamabad,Credit Card
TXN-20260299,CUST-1200,Clothing,Jeans,3,2122.17,6366.51,05/03/2026,Multan,EasyPaisa
TXN-20260300,CUST-1103,Supermarket Sales,Detergent Powder,3,1410.84,4232.52,10/06/2026,Faisalabad,EasyPaisa
TXN-20260301,CUST-2335,Supermarket Sales,Shampoo,1,861.36,861.36,14/04/2026,Rawalpindi,Debit Card
TXN-20260302,CUST-2107,Groceries,Tea Pack,3,992.77,2978.31,29/05/2026,Lahore,Cash
TXN-20260303,CUST-1030,Supermarket Sales,Body Wash,5,672.76,3363.8,12/04/2026,Karachi,EasyPaisa
TXN-20260304,CUST-1191,Clothing,Jacket,3,4395.84,13187.52,28/03/2026,Rawalpindi,JazzCash
TXN-20260305,CUST-1484,Clothing,Socks Pack,3,621.15,1863.45,13/01/2026,Lahore,Cash
TXN-20260306,CUST-1340,Supermarket Sales,Shampoo,2,818.06,1636.12,23/04/2026,Faisalabad,Cash
TXN-20260307,CUST-1832,Supermarket Sales,Detergent Powder,2,1469.4,2938.8,16/06/2026,Islamabad,Credit Card
TXN-20260308,CUST-1994,Groceries,Cooking Oil 5L,3,2640.19,7920.57,22/01/2026,Islamabad,Credit Card
TXN-20260309,CUST-1985,Electronics,Power Bank,2,2531.4,5062.8,20/04/2026,Multan,Cash
TXN-20260310,CUST-1437,Electronics,Smart Phone,1,43710.4,43710.4,03/02/2026,Rawalpindi,Credit Card
TXN-20260311,CUST-1821,Restaurant Orders,Cold Drink 1.5L,3,142.64,427.92,31/01/2026,Faisalabad,Credit Card
TXN-20260312,CUST-1120,Supermarket Sales,Shampoo,1,826.96,826.96,27/01/2026,Lahore,Debit Card
TXN-20260313,CUST-1337,Groceries,Sugar 5kg,2,722.78,1445.56,14/06/2026,Multan,Credit Card
TXN-20260314,CUST-1776,Electronics,Smart Watch,5,6037.97,30189.85,16/06/2026,Karachi,EasyPaisa
TXN-20260315,CUST-1004,Groceries,Basmati Rice 5kg,2,1823.05,3646.1,16/04/2026,Rawalpindi,EasyPaisa
TXN-20260316,CUST-1799,Clothing,T-Shirt,2,1247.59,2495.18,01/02/2026,Rawalpindi,EasyPaisa
TXN-20260317,CUST-1543,Groceries,Tea Pack,2,932.38,1864.76,05/03/2026,Islamabad,Cash
TXN-20260318,CUST-1931,Clothing,Socks Pack,5,606.06,3030.3,14/03/2026,Multan,Cash
TXN-20260319,CUST-1584,Groceries,Basmati Rice 5kg,5,1803.19,9015.95,18/02/2026,Multan,EasyPaisa
TXN-20260320,CUST-1866,Groceries,Cooking Oil 5L,2,2673.79,5347.58,07/05/2026,Faisalabad,Cash
TXN-20260321,CUST-2426,Clothing,Jacket,1,4562.14,4562.14,16/05/2026,Lahore,Debit Card
TXN-20260322,CUST-2496,Groceries,Basmati Rice 5kg,5,1779.63,8898.15,18/04/2026,Islamabad,JazzCash
TXN-20260323,CUST-2138,Clothing,Jacket,1,4704.5,4704.5,05/01/2026,Rawalpindi,Cash
TXN-20260324,CUST-2355,Electronics,Bluetooth Speaker,1,3400.51,,12/04/2026,Rawalpindi,Debit Card
TXN-20260325,CUST-2471,Restaurant Orders,Cold Drink 1.5L,4,148.85,595.4,22/01/2026,Multan,JazzCash
TXN-20260326,CUST-1996,Restaurant Orders,Molten Lava Cake,1,434.37,434.37,21/03/2026,Lahore,JazzCash
TXN-20260327,CUST-1317,Clothing,Jeans,4,2208.01,8832.04,31/05/2026,Multan,Cash
TXN-20260328,CUST-1388,Groceries,Tea Pack,2,971.85,1943.7,15/01/2026,Karachi,Cash
TXN-20260329,CUST-1607,Supermarket Sales,Shampoo,5,846.04,4230.2,15/01/2026,Islamabad,Credit Card
TXN-20260330,CUST-1445,Electronics,Smart Phone,1,45935.55,45935.55,11/02/2026,Faisalabad,Debit Card
TXN-20260331,CUST-1119,Restaurant Orders,Molten Lava Cake,3,462.73,1388.19,12/02/2026,Islamabad,Credit Card
TXN-20260332,CUST-2186,Groceries,Cooking Oil 5L,1,2670.57,2670.57,27/03/2026,Faisalabad,Debit Card
TXN-20260333,CUST-2110,Restaurant Orders,Pizza Large,5,1610.89,8054.45,10/06/2026,Lahore,EasyPaisa
TXN-20260334,CUST-1124,Supermarket Sales,Dishwasher Liquid,4,443.71,1774.84,26/05/2026,Karachi,Debit Card
TXN-20260335,CUST-1642,Clothing,Kurtas,5,3082,15410,30/01/2026,Karachi,JazzCash
TXN-20260336,CUST-1117,Electronics,Smart Phone,1,46614.1,46614.1,04/03/2026,Lahore,EasyPaisa
TXN-20260337,CUST-1102,Groceries,Tea Pack,2,989.92,1979.84,10/01/2026,Rawalpindi,EasyPaisa
TXN-20260338,CUST-2196,Clothing,Kurtas,3,2924.48,8773.44,11/03/2026,Lahore,JazzCash
TXN-20260339,CUST-1976,Groceries,Cooking Oil 5L,1,2600.53,2600.53,15/02/2026,Karachi,JazzCash
TXN-20260340,CUST-2029,Electronics,Power Bank,4,2392.23,9568.92,14/03/2026,Islamabad,Debit Card
TXN-20260341,CUST-2087,Electronics,Smart Watch,3,5974.05,17922.15,21/02/2026,Islamabad,JazzCash
TXN-20260342,CUST-1322,Groceries,Milk Pack 1L,3,282.53,847.59,01/06/2026,Faisalabad,Credit Card
TXN-20260343,CUST-1116,Restaurant Orders,Burger Combo,4,820.3,3281.2,07/01/2026,Karachi,JazzCash
TXN-20260344,CUST-2040,Groceries,Cooking Oil 5L,1,2717.26,2717.26,18/06/2026,Faisalabad,Debit Card
TXN-20260345,CUST-1164,Electronics,Laptop,2,85253.42,,18/04/2026,Faisalabad,Cash
TXN-20260346,CUST-1380,Clothing,Kurtas,2,2877.91,5755.82,14/05/2026,Faisalabad,Debit Card
TXN-20260347,CUST-1140,Supermarket Sales,Shampoo,5,856.87,4284.35,04/02/2026,Multan,EasyPaisa
TXN-20260348,CUST-2218,Electronics,Smart Watch,4,6040.69,24162.76,19/06/2026,Karachi,Credit Card
TXN-20260349,CUST-1139,Groceries,Sugar 5kg,4,776.32,3105.28,25/03/2026,Islamabad,EasyPaisa
TXN-20260350,CUST-2382,Groceries,Basmati Rice 5kg,2,1723.44,3446.88,04/02/2026,Rawalpindi,Cash
TXN-20260351,CUST-1481,Clothing,T-Shirt,4,1159.72,4638.88,22/03/2026,Faisalabad,Cash
TXN-20260352,CUST-1826,Restaurant Orders,Biryani Platter,2,627.88,1255.76,26/04/2026,Islamabad,EasyPaisa
TXN-20260353,CUST-1245,Groceries,Cooking Oil 5L,3,2493.51,7480.53,04/06/2026,Lahore,Credit Card
TXN-20260354,CUST-2166,Groceries,Basmati Rice 5kg,2,1726.42,3452.84,02/04/2026,Faisalabad,JazzCash
TXN-20260355,CUST-1504,Electronics,Bluetooth Speaker,2,3416.06,6832.12,08/01/2026,Faisalabad,EasyPaisa
TXN-20260356,CUST-2185,Restaurant Orders,Molten Lava Cake,4,438.74,1754.96,27/01/2026,Karachi,Cash
TXN-20260357,CUST-2217,Electronics,Smart Phone,2,46486.68,92973.36,03/02/2026,Karachi,EasyPaisa
TXN-20260358,CUST-1081,Groceries,Cooking Oil 5L,3,2621.4,7864.2,20/01/2026,Lahore,Cash
TXN-20260359,CUST-2268,Clothing,Jacket,1,4639.18,4639.18,26/03/2026,Lahore,Cash
TXN-20260360,CUST-1167,Supermarket Sales,Shampoo,5,821.78,4108.9,21/04/2026,Multan,EasyPaisa
TXN-20260361,CUST-1858,Supermarket Sales,Shampoo,4,840.03,3360.12,14/02/2026,Islamabad,Credit Card
TXN-20260362,CUST-2346,Clothing,Kurtas,2,2933.96,5867.92,09/01/2026,Rawalpindi,JazzCash
TXN-20260363,CUST-2195,Restaurant Orders,Burger Combo,4,862.52,3450.08,16/04/2026,Rawalpindi,EasyPaisa
TXN-20260364,CUST-2157,Electronics,Smart Phone,2,44008.99,88017.98,18/04/2026,Karachi,JazzCash
TXN-20260365,CUST-2070,Clothing,Socks Pack,4,617.69,2470.76,02/04/2026,Faisalabad,JazzCash
TXN-20260366,CUST-1647,Supermarket Sales,Body Wash,5,676.82,3384.1,24/03/2026,Faisalabad,Debit Card
TXN-20260367,CUST-1534,Clothing,T-Shirt,2,1178.27,2356.54,08/01/2026,Islamabad,Cash
TXN-20260368,CUST-1418,Supermarket Sales,Dishwasher Liquid,5,443.58,2217.9,01/03/2026,Karachi,Cash
TXN-20260369,CUST-2371,Clothing,Jeans,1,2148.64,2148.64,26/02/2026,Rawalpindi,EasyPaisa
TXN-20260370,CUST-2466,Groceries,Basmati Rice 5kg,5,1741.7,8708.5,23/03/2026,Multan,Debit Card
TXN-20260371,CUST-1643,Restaurant Orders,Pizza Large,3,1683.57,5050.71,26/05/2026,Rawalpindi,Credit Card
TXN-20260372,CUST-1488,Restaurant Orders,Burger Combo,4,878.62,3514.48,19/05/2026,Islamabad,Credit Card
TXN-20260373,CUST-1543,Supermarket Sales,Shampoo,2,815.17,1630.34,04/06/2026,Karachi,Cash
TXN-20260374,CUST-1810,Restaurant Orders,Cold Drink 1.5L,5,142.51,712.55,21/02/2026,Karachi,Debit Card
TXN-20260375,CUST-1268,Clothing,Kurtas,2,2867.87,5735.74,31/05/2026,Multan,Credit Card
TXN-20260376,CUST-2375,Electronics,Smart Watch,1,6216.4,6216.4,06/04/2026,Multan,EasyPaisa
TXN-20260377,CUST-2321,Restaurant Orders,Pizza Large,3,1623.03,4869.09,04/02/2026,Karachi,EasyPaisa
TXN-20260378,CUST-1614,Supermarket Sales,Body Wash,5,628.82,3144.1,07/06/2026,Islamabad,Credit Card
TXN-20260379,CUST-1936,Restaurant Orders,Burger Combo,3,839.66,2518.98,02/02/2026,Karachi,Cash
TXN-20260380,CUST-1647,Restaurant Orders,Cold Drink 1.5L,5,155.26,776.3,09/01/2026,Karachi,JazzCash
TXN-20260381,CUST-1148,Groceries,Milk Pack 1L,5,281.91,,27/01/2026,Faisalabad,Credit Card
TXN-20260382,CUST-1019,Groceries,Cooking Oil 5L,3,2531.88,7595.64,12/02/2026,Multan,Cash
TXN-20260383,CUST-1938,Groceries,Tea Pack,2,903.58,1807.16,05/03/2026,Multan,Cash
TXN-20260384,CUST-2272,Groceries,Sugar 5kg,1,771.53,771.53,13/01/2026,Faisalabad,EasyPaisa
TXN-20260385,CUST-2153,Supermarket Sales,Detergent Powder,4,1453.84,5815.36,07/04/2026,Islamabad,JazzCash
TXN-20260386,CUST-1204,Supermarket Sales,Shampoo,5,877.95,4389.75,16/06/2026,Multan,Credit Card
TXN-20260387,CUST-1150,Clothing,Jacket,1,4308.17,4308.17,17/03/2026,Lahore,Debit Card
TXN-20260388,CUST-2101,Groceries,Cooking Oil 5L,2,2489.29,4978.58,07/04/2026,Karachi,Cash
TXN-20260389,CUST-1436,Restaurant Orders,Pizza Large,5,1623.26,8116.3,04/05/2026,Multan,Cash
TXN-20260390,CUST-2036,Supermarket Sales,Detergent Powder,4,1415.02,5660.08,10/02/2026,Lahore,Cash
TXN-20260391,CUST-1543,Groceries,Basmati Rice 5kg,4,1885.39,7541.56,22/05/2026,Multan,JazzCash
TXN-20260392,CUST-1271,Groceries,Sugar 5kg,1,734.81,734.81,13/01/2026,Faisalabad,JazzCash
TXN-20260393,CUST-1714,Restaurant Orders,Cold Drink 1.5L,3,144.8,434.4,01/01/2026,Faisalabad,Cash
TXN-20260394,CUST-1140,Groceries,Milk Pack 1L,1,289.43,289.43,07/01/2026,Karachi,Credit Card
TXN-20260395,CUST-1500,Groceries,Cooking Oil 5L,1,2593.13,2593.13,20/03/2026,Faisalabad,EasyPaisa
TXN-20260396,CUST-1756,Supermarket Sales,Body Wash,5,623.42,3117.1,10/04/2026,Karachi,Debit Card
TXN-20260397,CUST-1583,Supermarket Sales,Body Wash,1,629.63,629.63,09/03/2026,Faisalabad,EasyPaisa
TXN-20260398,CUST-1323,Groceries,Basmati Rice 5kg,5,1860.67,9303.35,16/01/2026,Karachi,Cash
TXN-20260399,CUST-1897,Electronics,Bluetooth Speaker,4,3607.86,14431.44,31/05/2026,Karachi,JazzCash
TXN-20260400,CUST-2112,Electronics,Power Bank,4,2579.6,10318.4,18/05/2026,Multan,EasyPaisa
TXN-20260401,CUST-2440,Restaurant Orders,Burger Combo,1,847.98,847.98,12/04/2026,Multan,Cash
TXN-20260402,CUST-1619,Restaurant Orders,Molten Lava Cake,5,468.02,2340.1,08/06/2026,Karachi,Cash
TXN-20260403,CUST-2252,Supermarket Sales,Detergent Powder,2,1462.87,2925.74,24/02/2026,Karachi,Credit Card
TXN-20260404,CUST-2339,Electronics,Power Bank,4,2394.59,9578.36,21/02/2026,Multan,Credit Card
TXN-20260405,CUST-2083,Restaurant Orders,Biryani Platter,1,589.18,589.18,23/01/2026,Faisalabad,JazzCash
TXN-20260406,CUST-1016,Supermarket Sales,Dishwasher Liquid,3,442.18,1326.54,14/05/2026,Faisalabad,Cash
TXN-20260407,CUST-2367,Restaurant Orders,Molten Lava Cake,4,451.02,1804.08,29/01/2026,Faisalabad,Credit Card
TXN-20260408,CUST-2135,Clothing,Socks Pack,1,605.28,605.28,28/01/2026,Rawalpindi,Cash
TXN-20260409,CUST-1613,Groceries,Milk Pack 1L,4,301.02,1204.08,09/03/2026,Faisalabad,EasyPaisa
TXN-20260410,CUST-2358,Restaurant Orders,Molten Lava Cake,2,448.79,897.58,12/03/2026,Faisalabad,Credit Card
TXN-20260411,CUST-1212,Restaurant Orders,Molten Lava Cake,4,458.14,1832.56,10/01/2026,Faisalabad,Debit Card
TXN-20260412,CUST-1275,Clothing,T-Shirt,3,1229.49,,06/04/2026,Lahore,Debit Card
TXN-20260413,CUST-1541,Groceries,Sugar 5kg,4,733.53,2934.12,26/01/2026,Karachi,Credit Card
TXN-20260414,CUST-1236,Groceries,Tea Pack,3,976.03,2928.09,10/03/2026,Multan,EasyPaisa
TXN-20260415,CUST-1219,Restaurant Orders,Pizza Large,2,1598.51,3197.02,15/04/2026,Multan,EasyPaisa
TXN-20260416,CUST-2133,Restaurant Orders,Biryani Platter,5,619.26,3096.3,10/02/2026,Lahore,Debit Card
TXN-20260417,CUST-1318,Restaurant Orders,Cold Drink 1.5L,5,144.53,722.65,26/05/2026,Lahore,Credit Card
TXN-20260418,CUST-1557,Clothing,Jeans,2,2274.13,4548.26,09/01/2026,Faisalabad,Cash
TXN-20260419,CUST-1577,Groceries,Basmati Rice 5kg,4,1759.32,7037.28,10/05/2026,Faisalabad,Cash
TXN-20260420,CUST-2238,Electronics,Laptop,5,83915.97,419579.85,25/04/2026,Karachi,EasyPaisa
TXN-20260421,CUST-1431,Restaurant Orders,Molten Lava Cake,2,443.24,886.48,08/03/2026,Multan,Cash
TXN-20260422,CUST-2469,Groceries,Cooking Oil 5L,2,2570.51,5141.02,27/05/2026,Karachi,Credit Card
TXN-20260423,CUST-1702,Clothing,Jeans,4,2149.2,8596.8,12/05/2026,Lahore,Cash
TXN-20260424,CUST-1416,Supermarket Sales,Detergent Powder,5,1420.63,,03/01/2026,Karachi,Debit Card
TXN-20260425,CUST-2407,Restaurant Orders,Biryani Platter,3,612.76,1838.28,19/04/2026,Faisalabad,Debit Card
TXN-20260426,CUST-2298,Supermarket Sales,Body Wash,3,631.68,1895.04,14/05/2026,Rawalpindi,EasyPaisa
TXN-20260427,CUST-1540,Restaurant Orders,Pizza Large,3,1568.71,4706.13,24/05/2026,Multan,JazzCash
TXN-20260428,CUST-2035,Restaurant Orders,Biryani Platter,1,587.91,587.91,04/05/2026,Lahore,Debit Card
TXN-20260429,CUST-2000,Groceries,Sugar 5kg,3,777.11,2331.33,17/06/2026,Multan,Debit Card
TXN-20260430,CUST-1514,Clothing,Jeans,2,2203.8,4407.6,15/01/2026,Rawalpindi,EasyPaisa
TXN-20260431,CUST-1104,Groceries,Basmati Rice 5kg,4,1839.83,7359.32,17/03/2026,Islamabad,EasyPaisa
TXN-20260432,CUST-1189,Supermarket Sales,Toothpaste,5,358.29,1791.45,27/05/2026,Karachi,Debit Card
TXN-20260433,CUST-2299,Clothing,Socks Pack,4,608.3,2433.2,02/04/2026,Rawalpindi,Debit Card
TXN-20260434,CUST-1867,Clothing,Socks Pack,1,580.87,580.87,01/05/2026,Karachi,Debit Card
TXN-20260435,CUST-1566,Restaurant Orders,Burger Combo,3,887.99,2663.97,17/06/2026,Lahore,Credit Card
TXN-20260436,CUST-1090,Groceries,Basmati Rice 5kg,3,1843.96,5531.88,18/04/2026,Islamabad,Debit Card
TXN-20260437,CUST-1007,Groceries,Milk Pack 1L,1,284.03,284.03,01/05/2026,Lahore,JazzCash
TXN-20260438,CUST-1683,Restaurant Orders,Molten Lava Cake,2,430.7,861.4,09/05/2026,Lahore,EasyPaisa
TXN-20260439,CUST-1267,Restaurant Orders,Biryani Platter,2,594.79,1189.58,05/02/2026,Karachi,Debit Card
TXN-20260440,CUST-2304,Supermarket Sales,Dishwasher Liquid,4,467.68,,06/02/2026,Islamabad,Credit Card
TXN-20260441,CUST-1536,Electronics,Power Bank,2,2458.16,4916.32,22/03/2026,Multan,Cash
TXN-20260442,CUST-1330,Electronics,Power Bank,2,2443.38,4886.76,28/05/2026,Karachi,EasyPaisa
TXN-20260443,CUST-1904,Electronics,Laptop,4,85973.08,343892.32,14/04/2026,Faisalabad,EasyPaisa
TXN-20260444,CUST-2129,Supermarket Sales,Shampoo,2,810.71,1621.42,06/04/2026,Lahore,Debit Card
TXN-20260445,CUST-2445,Restaurant Orders,Burger Combo,1,809.02,809.02,10/06/2026,Multan,Credit Card
TXN-20260446,CUST-1875,Clothing,Kurtas,1,2943.63,2943.63,09/04/2026,Rawalpindi,JazzCash
TXN-20260447,CUST-2148,Groceries,Basmati Rice 5kg,1,1721.75,1721.75,18/03/2026,Islamabad,EasyPaisa
TXN-20260448,CUST-1019,Restaurant Orders,Molten Lava Cake,4,451.09,1804.36,04/02/2026,Islamabad,EasyPaisa
TXN-20260449,CUST-1229,Groceries,Basmati Rice 5kg,4,1739.68,6958.72,05/01/2026,Karachi,Credit Card
TXN-20260450,CUST-1154,Clothing,Jeans,5,2251.5,11257.5,10/05/2026,Karachi,Cash
TXN-20260451,CUST-2415,Groceries,Cooking Oil 5L,3,2567.55,7702.65,17/05/2026,Rawalpindi,Cash
TXN-20260452,CUST-1305,Restaurant Orders,Pizza Large,1,1676.73,1676.73,13/01/2026,Multan,Cash
TXN-20260453,CUST-2117,Supermarket Sales,Toothpaste,5,345.81,1729.05,06/03/2026,Faisalabad,Credit Card
TXN-20260454,CUST-1073,Clothing,T-Shirt,1,1176.13,1176.13,19/06/2026,Rawalpindi,Debit Card
TXN-20260455,CUST-1756,Restaurant Orders,Molten Lava Cake,4,459.03,1836.12,27/01/2026,Rawalpindi,JazzCash
TXN-20260456,CUST-2192,Electronics,Bluetooth Speaker,1,3364.9,3364.9,08/05/2026,Karachi,JazzCash
TXN-20260457,CUST-2131,Clothing,Kurtas,2,3099.45,6198.9,02/04/2026,Multan,EasyPaisa
TXN-20260458,CUST-1303,Groceries,Basmati Rice 5kg,4,1717.09,6868.36,23/02/2026,Multan,EasyPaisa
TXN-20260459,CUST-1880,Groceries,Basmati Rice 5kg,1,1710.49,1710.49,29/01/2026,Rawalpindi,EasyPaisa
TXN-20260460,CUST-1261,Clothing,T-Shirt,1,1233.54,1233.54,26/01/2026,Islamabad,Credit Card
TXN-20260461,CUST-1085,Supermarket Sales,Body Wash,1,634.67,634.67,26/01/2026,Karachi,Cash
TXN-20260462,CUST-1631,Groceries,Sugar 5kg,3,772.62,2317.86,20/04/2026,Multan,Cash
TXN-20260463,CUST-1746,Electronics,Smart Phone,2,42793.53,85587.06,19/06/2026,Multan,Credit Card
TXN-20260464,CUST-1081,Groceries,Sugar 5kg,5,779.59,3897.95,10/03/2026,Multan,Cash
TXN-20260465,CUST-1732,Groceries,Sugar 5kg,4,726.22,2904.88,13/04/2026,Faisalabad,Debit Card
TXN-20260466,CUST-1430,Supermarket Sales,Toothpaste,2,360.5,721,29/01/2026,Karachi,Cash
TXN-20260467,CUST-2396,Clothing,T-Shirt,5,1189.92,5949.6,04/05/2026,Rawalpindi,EasyPaisa
TXN-20260468,CUST-1511,Clothing,Socks Pack,3,592.79,1778.37,06/06/2026,Lahore,Credit Card
TXN-20260469,CUST-2365,Supermarket Sales,Toothpaste,4,336.45,1345.8,23/04/2026,Lahore,Cash
TXN-20260470,CUST-1210,Groceries,Sugar 5kg,5,713.43,3567.15,28/05/2026,Multan,JazzCash
TXN-20260471,CUST-1724,Clothing,Kurtas,5,3005.73,15028.65,25/01/2026,Faisalabad,Credit Card
TXN-20260472,CUST-2146,Supermarket Sales,Body Wash,4,660.64,2642.56,08/02/2026,Rawalpindi,JazzCash
TXN-20260473,CUST-1832,Electronics,Smart Phone,2,45645.29,91290.58,10/05/2026,Faisalabad,EasyPaisa
TXN-20260474,CUST-2271,Clothing,T-Shirt,3,1230.17,3690.51,03/03/2026,Islamabad,Debit Card
TXN-20260475,CUST-1316,Electronics,Smart Watch,4,5833.62,23334.48,14/04/2026,Karachi,Cash
TXN-20260476,CUST-1484,Supermarket Sales,Toothpaste,4,360.54,1442.16,23/01/2026,Faisalabad,EasyPaisa
TXN-20260477,CUST-1332,Groceries,Cooking Oil 5L,1,2724.97,2724.97,27/01/2026,Faisalabad,EasyPaisa
TXN-20260478,CUST-1362,Electronics,Smart Watch,1,6029.46,6029.46,04/06/2026,Rawalpindi,Debit Card
TXN-20260479,CUST-1844,Restaurant Orders,Molten Lava Cake,4,436.81,1747.24,29/03/2026,Islamabad,Cash
TXN-20260480,CUST-1050,Clothing,Jacket,5,4424.39,22121.95,03/06/2026,Faisalabad,Debit Card
TXN-20260481,CUST-1367,Supermarket Sales,Shampoo,2,815.78,1631.56,01/01/2026,Islamabad,Debit Card
TXN-20260482,CUST-1680,Groceries,Milk Pack 1L,1,290.64,290.64,12/01/2026,Karachi,EasyPaisa
TXN-20260483,CUST-1843,Clothing,Jacket,5,4323.13,21615.65,20/02/2026,Karachi,Cash
TXN-20260484,CUST-2371,Supermarket Sales,Detergent Powder,2,1393.99,2787.98,28/03/2026,Lahore,EasyPaisa
TXN-20260485,CUST-1508,Electronics,Smart Watch,4,5773.93,23095.72,28/04/2026,Multan,JazzCash
TXN-20260486,CUST-1546,Restaurant Orders,Burger Combo,1,889.43,889.43,16/05/2026,Multan,Cash
TXN-20260487,CUST-1326,Restaurant Orders,Cold Drink 1.5L,4,155.08,620.32,11/05/2026,Karachi,JazzCash
TXN-20260488,CUST-2436,Clothing,Jeans,5,2112.78,10563.9,05/06/2026,Islamabad,JazzCash
TXN-20260489,CUST-1221,Supermarket Sales,Toothpaste,2,366.78,733.56,12/03/2026,Faisalabad,Debit Card
TXN-20260490,CUST-1783,Groceries,Tea Pack,2,978.96,1957.92,16/04/2026,Rawalpindi,JazzCash
TXN-20260491,CUST-1079,Groceries,Milk Pack 1L,5,300.46,1502.3,11/06/2026,Karachi,Credit Card
TXN-20260492,CUST-1963,Clothing,Socks Pack,3,612.86,1838.58,03/02/2026,Multan,Credit Card
TXN-20260493,CUST-1455,Restaurant Orders,Molten Lava Cake,3,458.74,1376.22,30/01/2026,Islamabad,JazzCash
TXN-20260494,CUST-1408,Supermarket Sales,Dishwasher Liquid,4,453.18,1812.72,17/05/2026,Islamabad,EasyPaisa
TXN-20260495,CUST-1942,Electronics,Smart Watch,4,5763.88,23055.52,07/02/2026,Lahore,Cash
TXN-20260496,CUST-1716,Clothing,Kurtas,2,3075.06,6150.12,15/03/2026,Multan,Debit Card
TXN-20260497,CUST-1625,Clothing,T-Shirt,3,1222.87,3668.61,22/02/2026,Rawalpindi,Cash
TXN-20260498,CUST-1466,Groceries,Tea Pack,5,912.24,4561.2,27/02/2026,Multan,JazzCash
TXN-20260499,CUST-1456,Supermarket Sales,Detergent Powder,3,1401.53,4204.59,20/06/2026,Lahore,EasyPaisa
TXN-20260500,CUST-1048,Supermarket Sales,Toothpaste,3,365.98,1097.94,22/05/2026,Lahore,Cash
TXN-20260501,CUST-2351,Groceries,Basmati Rice 5kg,4,1821.7,7286.8,27/02/2026,Multan,Debit Card
TXN-20260502,CUST-1395,Restaurant Orders,Molten Lava Cake,2,460.73,921.46,19/02/2026,Islamabad,EasyPaisa
TXN-20260503,CUST-1816,Clothing,T-Shirt,2,1162.44,2324.88,12/05/2026,Lahore,EasyPaisa
TXN-20260504,CUST-1672,Electronics,Power Bank,3,2444.78,7334.34,03/02/2026,Karachi,JazzCash
TXN-20260505,CUST-1570,Groceries,Cooking Oil 5L,2,2555.95,5111.9,11/01/2026,Karachi,Debit Card
TXN-20260506,CUST-1142,Restaurant Orders,Pizza Large,5,1695.15,8475.75,19/06/2026,Islamabad,EasyPaisa
TXN-20260507,CUST-1571,Restaurant Orders,Molten Lava Cake,3,443.61,1330.83,15/05/2026,Karachi,Credit Card
TXN-20260508,CUST-1719,Restaurant Orders,Pizza Large,2,1697.23,3394.46,17/04/2026,Rawalpindi,JazzCash
TXN-20260509,CUST-2313,Supermarket Sales,Shampoo,2,837.2,1674.4,19/06/2026,Islamabad,Debit Card
TXN-20260510,CUST-2043,Groceries,Sugar 5kg,5,728.88,3644.4,16/05/2026,Faisalabad,JazzCash
TXN-20260511,CUST-1818,Electronics,Smart Phone,4,45760.22,183040.88,03/03/2026,Multan,JazzCash
TXN-20260512,CUST-2391,Restaurant Orders,Burger Combo,3,889.01,2667.03,08/04/2026,Lahore,EasyPaisa
TXN-20260513,CUST-2098,Groceries,Milk Pack 1L,1,296.5,296.5,13/05/2026,Islamabad,JazzCash
TXN-20260514,CUST-1678,Restaurant Orders,Cold Drink 1.5L,3,149.8,449.4,16/06/2026,Karachi,Debit Card
TXN-20260515,CUST-1056,Restaurant Orders,Pizza Large,2,1723.95,3447.9,18/05/2026,Rawalpindi,Cash
TXN-20260516,CUST-1236,Electronics,Laptop,2,86447.85,172895.7,19/04/2026,Lahore,Credit Card
TXN-20260517,CUST-1534,Restaurant Orders,Cold Drink 1.5L,1,152.2,152.2,09/02/2026,Lahore,EasyPaisa
TXN-20260518,CUST-1365,Groceries,Cooking Oil 5L,1,2492.76,2492.76,15/02/2026,Islamabad,JazzCash
TXN-20260519,CUST-2189,Electronics,Smart Watch,3,6192.97,18578.91,15/04/2026,Faisalabad,EasyPaisa
TXN-20260520,CUST-1543,Supermarket Sales,Toothpaste,4,343.57,1374.28,31/01/2026,Rawalpindi,Cash
TXN-20260521,CUST-1078,Restaurant Orders,Pizza Large,5,1692.23,8461.15,12/01/2026,Multan,Cash
TXN-20260522,CUST-1222,Groceries,Milk Pack 1L,3,278.58,835.74,05/06/2026,Lahore,Debit Card
TXN-20260523,CUST-2221,Supermarket Sales,Toothpaste,1,346.33,346.33,02/05/2026,Karachi,JazzCash
TXN-20260524,CUST-1889,Clothing,Jeans,5,2254.29,,17/03/2026,Multan,Credit Card
TXN-20260525,CUST-1707,Groceries,Sugar 5kg,1,784.3,784.3,22/05/2026,Rawalpindi,Credit Card
TXN-20260526,CUST-2492,Electronics,Smart Phone,5,42772.63,213863.15,11/04/2026,Rawalpindi,JazzCash
TXN-20260527,CUST-1642,Electronics,Bluetooth Speaker,3,3398.52,10195.56,24/02/2026,Faisalabad,JazzCash
TXN-20260528,CUST-1893,Clothing,Jeans,5,2130.48,10652.4,06/03/2026,Karachi,Cash
TXN-20260529,CUST-2241,Clothing,Socks Pack,5,621.14,3105.7,29/04/2026,Multan,JazzCash
TXN-20260530,CUST-2047,Electronics,Bluetooth Speaker,3,3560.09,10680.27,26/01/2026,Karachi,JazzCash
TXN-20260531,CUST-1236,Supermarket Sales,Body Wash,2,640.71,1281.42,26/01/2026,Islamabad,JazzCash
TXN-20260532,CUST-1788,Electronics,Laptop,4,83451.18,333804.72,26/03/2026,Rawalpindi,Debit Card
TXN-20260533,CUST-2180,Restaurant Orders,Burger Combo,3,855.57,2566.71,22/03/2026,Faisalabad,Credit Card
TXN-20260534,CUST-1389,Electronics,Bluetooth Speaker,2,3411.16,6822.32,14/06/2026,Faisalabad,Debit Card
TXN-20260535,CUST-1521,Groceries,Basmati Rice 5kg,3,1832.32,5496.96,03/05/2026,Faisalabad,EasyPaisa
TXN-20260536,CUST-1090,Groceries,Sugar 5kg,1,749.02,749.02,14/02/2026,Multan,JazzCash
TXN-20260537,CUST-2451,Electronics,Bluetooth Speaker,2,3625.55,7251.1,18/05/2026,Karachi,Debit Card
TXN-20260538,CUST-1893,Electronics,Smart Phone,5,46764.47,233822.35,11/06/2026,Lahore,JazzCash
TXN-20260539,CUST-1003,Restaurant Orders,Cold Drink 1.5L,2,154.04,308.08,10/01/2026,Rawalpindi,Debit Card
TXN-20260540,CUST-2064,Restaurant Orders,Molten Lava Cake,2,448.74,897.48,04/04/2026,Faisalabad,Credit Card
TXN-20260541,CUST-2102,Restaurant Orders,Biryani Platter,5,578.03,2890.15,11/05/2026,Lahore,EasyPaisa
TXN-20260542,CUST-2406,Groceries,Milk Pack 1L,2,275.81,551.62,07/06/2026,Multan,Credit Card
TXN-20260543,CUST-2473,Restaurant Orders,Burger Combo,2,845.43,1690.86,25/05/2026,Rawalpindi,Credit Card
TXN-20260544,CUST-2373,Supermarket Sales,Body Wash,4,620.13,2480.52,01/03/2026,Lahore,Debit Card
TXN-20260545,CUST-1403,Groceries,Basmati Rice 5kg,2,1717.71,3435.42,13/05/2026,Islamabad,EasyPaisa
TXN-20260546,CUST-1745,Supermarket Sales,Toothpaste,1,363.35,363.35,16/06/2026,Islamabad,Cash
TXN-20260547,CUST-1883,Restaurant Orders,Biryani Platter,3,620.09,1860.27,29/05/2026,Rawalpindi,JazzCash
TXN-20260548,CUST-1143,Clothing,Jacket,3,4569.15,13707.45,31/05/2026,Multan,Cash
TXN-20260549,CUST-2360,Restaurant Orders,Biryani Platter,2,592.58,1185.16,13/05/2026,Faisalabad,Debit Card
TXN-20260550,CUST-1676,Groceries,Tea Pack,5,977.8,4889,02/01/2026,Rawalpindi,Credit Card
TXN-20260551,CUST-2276,Supermarket Sales,Detergent Powder,5,1362.2,6811,14/06/2026,Islamabad,Credit Card
TXN-20260552,CUST-1642,Clothing,Jeans,5,2124.62,10623.1,31/01/2026,Multan,Credit Card
TXN-20260553,CUST-2358,Supermarket Sales,Body Wash,4,664.32,2657.28,03/05/2026,Faisalabad,Credit Card
TXN-20260554,CUST-1255,Restaurant Orders,Burger Combo,4,862.52,3450.08,06/01/2026,Karachi,Cash
TXN-20260555,CUST-2474,Clothing,Socks Pack,2,605.54,1211.08,11/06/2026,Rawalpindi,Cash
TXN-20260556,CUST-1615,Restaurant Orders,Burger Combo,3,812.25,2436.75,16/02/2026,Rawalpindi,EasyPaisa
TXN-20260557,CUST-2038,Restaurant Orders,Molten Lava Cake,3,456.19,1368.57,22/01/2026,Karachi,EasyPaisa
TXN-20260558,CUST-1633,Restaurant Orders,Cold Drink 1.5L,2,155.51,311.02,26/02/2026,Faisalabad,JazzCash
TXN-20260559,CUST-2365,Clothing,Socks Pack,2,619.23,1238.46,09/06/2026,Multan,JazzCash
TXN-20260560,CUST-1836,Groceries,Basmati Rice 5kg,3,1840.35,5521.05,27/04/2026,Rawalpindi,JazzCash
TXN-20260561,CUST-1668,Electronics,Laptop,2,83964.8,167929.6,28/01/2026,Lahore,Credit Card
TXN-20260562,CUST-1824,Restaurant Orders,Molten Lava Cake,2,458.3,916.6,05/06/2026,Lahore,Credit Card
TXN-20260563,CUST-2427,Supermarket Sales,Dishwasher Liquid,5,454.49,2272.45,09/05/2026,Lahore,Cash
TXN-20260564,CUST-1605,Supermarket Sales,Detergent Powder,5,1456.28,7281.4,01/01/2026,Multan,EasyPaisa
TXN-20260565,CUST-2135,Restaurant Orders,Cold Drink 1.5L,1,148.06,148.06,16/05/2026,Faisalabad,Credit Card
TXN-20260566,CUST-1260,Supermarket Sales,Toothpaste,5,344.77,1723.85,26/01/2026,Faisalabad,Credit Card
TXN-20260567,CUST-1392,Groceries,Tea Pack,1,975.26,975.26,14/03/2026,Rawalpindi,JazzCash
TXN-20260568,CUST-1861,Supermarket Sales,Body Wash,1,629.79,629.79,28/05/2026,Rawalpindi,Cash
TXN-20260569,CUST-2361,Restaurant Orders,Pizza Large,2,1629.38,3258.76,22/03/2026,Faisalabad,Debit Card
TXN-20260570,CUST-1776,Electronics,Laptop,5,84371.61,421858.05,06/03/2026,Islamabad,JazzCash
TXN-20260571,CUST-2387,Supermarket Sales,Dishwasher Liquid,3,443.95,1331.85,12/04/2026,Karachi,EasyPaisa
TXN-20260572,CUST-1356,Restaurant Orders,Molten Lava Cake,3,449.21,1347.63,24/05/2026,Rawalpindi,EasyPaisa
TXN-20260573,CUST-2260,Groceries,Sugar 5kg,4,755.82,3023.28,05/02/2026,Multan,Cash
TXN-20260574,CUST-2165,Clothing,Jacket,2,4627.4,9254.8,26/01/2026,Karachi,JazzCash
TXN-20260575,CUST-1616,Supermarket Sales,Body Wash,5,669.56,3347.8,14/01/2026,Karachi,EasyPaisa
TXN-20260576,CUST-1831,Electronics,Smart Phone,4,46454.65,185818.6,03/06/2026,Faisalabad,Cash
TXN-20260577,CUST-2122,Electronics,Bluetooth Speaker,1,3402.62,3402.62,05/06/2026,Lahore,EasyPaisa
TXN-20260578,CUST-1000,Supermarket Sales,Dishwasher Liquid,3,457.03,1371.09,02/06/2026,Lahore,Credit Card
TXN-20260579,CUST-1622,Supermarket Sales,Toothpaste,5,332.87,1664.35,15/03/2026,Karachi,Cash
TXN-20260580,CUST-1587,Restaurant Orders,Molten Lava Cake,2,450.71,901.42,07/06/2026,Karachi,Cash
TXN-20260581,CUST-1430,Groceries,Basmati Rice 5kg,2,1827.9,3655.8,23/01/2026,Islamabad,EasyPaisa
TXN-20260582,CUST-1880,Groceries,Tea Pack,2,941.02,1882.04,13/05/2026,Lahore,Cash
TXN-20260583,CUST-2187,Electronics,Smart Watch,5,5870.7,29353.5,30/05/2026,Islamabad,Debit Card
TXN-20260584,CUST-2242,Groceries,Basmati Rice 5kg,2,1819.15,3638.3,27/04/2026,Faisalabad,JazzCash
TXN-20260585,CUST-2340,Electronics,Bluetooth Speaker,5,3386.26,16931.3,28/01/2026,Rawalpindi,Cash
TXN-20260586,CUST-1659,Restaurant Orders,Biryani Platter,1,590.4,590.4,12/05/2026,Islamabad,JazzCash
TXN-20260587,CUST-1952,Restaurant Orders,Biryani Platter,4,611.65,2446.6,25/05/2026,Faisalabad,Credit Card
TXN-20260588,CUST-1904,Groceries,Tea Pack,5,967.25,4836.25,08/01/2026,Faisalabad,Cash
TXN-20260589,CUST-1905,Groceries,Cooking Oil 5L,2,2569.5,5139,28/02/2026,Islamabad,EasyPaisa
TXN-20260590,CUST-2383,Groceries,Milk Pack 1L,3,291.03,873.09,05/03/2026,Islamabad,Cash
TXN-20260591,CUST-1437,Supermarket Sales,Body Wash,2,622.44,1244.88,02/05/2026,Islamabad,Debit Card
TXN-20260592,CUST-2046,Clothing,Socks Pack,2,586.14,1172.28,08/05/2026,Multan,Credit Card
TXN-20260593,CUST-1969,Clothing,Jeans,2,2282,4564,28/02/2026,Karachi,Credit Card
TXN-20260594,CUST-1347,Restaurant Orders,Biryani Platter,1,579.36,579.36,31/01/2026,Lahore,EasyPaisa
TXN-20260595,CUST-2349,Restaurant Orders,Pizza Large,5,1693.6,8468,11/01/2026,Faisalabad,Debit Card
TXN-20260596,CUST-1173,Restaurant Orders,Biryani Platter,5,599.54,2997.7,12/03/2026,Faisalabad,Credit Card
TXN-20260597,CUST-1581,Restaurant Orders,Biryani Platter,5,593.87,2969.35,02/02/2026,Lahore,JazzCash
TXN-20260598,CUST-2055,Supermarket Sales,Toothpaste,1,365.39,365.39,09/05/2026,Islamabad,EasyPaisa
TXN-20260599,CUST-2359,Clothing,Jacket,5,4714.43,23572.15,28/04/2026,Islamabad,Cash
TXN-20260600,CUST-2296,Electronics,Laptop,1,83975.14,83975.14,25/03/2026,Islamabad,JazzCash
TXN-20260601,CUST-2268,Groceries,Basmati Rice 5kg,2,1808.74,3617.48,10/03/2026,Faisalabad,JazzCash
TXN-20260602,CUST-1686,Groceries,Sugar 5kg,4,726.29,2905.16,23/02/2026,Faisalabad,Debit Card
TXN-20260603,CUST-1191,Groceries,Tea Pack,2,929.06,1858.12,27/05/2026,Karachi,JazzCash
TXN-20260604,CUST-1481,Clothing,T-Shirt,2,1226.5,2453,23/05/2026,Faisalabad,EasyPaisa
TXN-20260605,CUST-2377,Clothing,Jeans,2,2266.01,4532.02,02/05/2026,Lahore,Credit Card
TXN-20260606,CUST-1635,Supermarket Sales,Toothpaste,5,337.21,1686.05,17/05/2026,Multan,Debit Card
TXN-20260607,CUST-1460,Supermarket Sales,Body Wash,5,633.81,3169.05,13/01/2026,Faisalabad,Cash
TXN-20260608,CUST-1407,Clothing,T-Shirt,3,1165.86,3497.58,02/05/2026,Multan,Cash
TXN-20260609,CUST-1301,Supermarket Sales,Body Wash,3,634.38,1903.14,24/05/2026,Rawalpindi,Debit Card
TXN-20260610,CUST-1050,Groceries,Cooking Oil 5L,3,2577.06,,05/06/2026,Karachi,JazzCash
TXN-20260611,CUST-1094,Restaurant Orders,Molten Lava Cake,3,435.35,1306.05,01/04/2026,Islamabad,JazzCash
TXN-20260612,CUST-1501,Supermarket Sales,Toothpaste,4,363.64,1454.56,07/06/2026,Islamabad,EasyPaisa
TXN-20260613,CUST-1973,Clothing,Jeans,3,2230.93,6692.79,18/04/2026,Multan,JazzCash
TXN-20260614,CUST-2251,Restaurant Orders,Cold Drink 1.5L,1,155.23,155.23,21/01/2026,Karachi,Debit Card
TXN-20260615,CUST-1149,Clothing,Kurtas,3,2945.06,8835.18,10/03/2026,Rawalpindi,EasyPaisa
TXN-20260616,CUST-1932,Groceries,Tea Pack,3,976.69,2930.07,31/05/2026,Rawalpindi,EasyPaisa
TXN-20260617,CUST-1848,Supermarket Sales,Detergent Powder,1,1355.74,1355.74,02/02/2026,Multan,Credit Card
TXN-20260618,CUST-2289,Groceries,Cooking Oil 5L,4,2524.75,10099,27/01/2026,Lahore,Cash
TXN-20260619,CUST-2178,Supermarket Sales,Dishwasher Liquid,4,429.92,1719.68,15/05/2026,Lahore,Cash
TXN-20260620,CUST-1398,Groceries,Milk Pack 1L,4,280,1120,21/03/2026,Karachi,Credit Card
TXN-20260621,CUST-2471,Groceries,Tea Pack,2,962.02,1924.04,15/05/2026,Karachi,Cash
TXN-20260622,CUST-2426,Electronics,Bluetooth Speaker,3,3626.13,10878.39,02/05/2026,Faisalabad,JazzCash
TXN-20260623,CUST-1786,Groceries,Milk Pack 1L,5,288.4,1442,15/02/2026,Rawalpindi,JazzCash
TXN-20260624,CUST-2012,Supermarket Sales,Dishwasher Liquid,5,447.07,2235.35,21/03/2026,Islamabad,EasyPaisa
TXN-20260625,CUST-1818,Restaurant Orders,Burger Combo,4,875.9,3503.6,20/03/2026,Islamabad,EasyPaisa
TXN-20260626,CUST-1499,Groceries,Basmati Rice 5kg,1,1764.64,1764.64,14/05/2026,Karachi,Debit Card
TXN-20260627,CUST-1302,Groceries,Tea Pack,4,953.33,3813.32,03/05/2026,Islamabad,Cash
TXN-20260628,CUST-2343,Supermarket Sales,Body Wash,1,656.31,656.31,21/05/2026,Islamabad,Credit Card
TXN-20260629,CUST-2408,Supermarket Sales,Dishwasher Liquid,2,447.17,894.34,11/02/2026,Multan,EasyPaisa
TXN-20260630,CUST-1011,Supermarket Sales,Detergent Powder,4,1366.82,5467.28,10/06/2026,Karachi,JazzCash
TXN-20260631,CUST-1218,Restaurant Orders,Biryani Platter,5,587.08,2935.4,10/03/2026,Faisalabad,Credit Card
TXN-20260632,CUST-1870,Electronics,Laptop,1,81911.3,81911.3,13/06/2026,Faisalabad,JazzCash
TXN-20260633,CUST-1448,Supermarket Sales,Body Wash,4,663.03,2652.12,18/02/2026,Islamabad,Cash
TXN-20260634,CUST-1360,Clothing,T-Shirt,1,1256.37,1256.37,17/02/2026,Lahore,Debit Card
TXN-20260635,CUST-2425,Groceries,Basmati Rice 5kg,1,1838.74,1838.74,01/03/2026,Lahore,Credit Card
TXN-20260636,CUST-2060,Electronics,Power Bank,4,2429.3,9717.2,21/03/2026,Faisalabad,Debit Card
TXN-20260637,CUST-1951,Supermarket Sales,Shampoo,2,835.57,1671.14,15/01/2026,Islamabad,EasyPaisa
TXN-20260638,CUST-1102,Electronics,Smart Watch,2,5982.09,11964.18,06/03/2026,Faisalabad,Cash
TXN-20260639,CUST-2141,Electronics,Laptop,4,84020.78,336083.12,05/03/2026,Multan,Cash
TXN-20260640,CUST-1510,Clothing,Jacket,1,4605.9,4605.9,14/05/2026,Multan,Credit Card
TXN-20260641,CUST-1248,Supermarket Sales,Toothpaste,3,356.35,1069.05,24/03/2026,Karachi,Cash
TXN-20260642,CUST-1934,Restaurant Orders,Molten Lava Cake,4,433,1732,13/06/2026,Islamabad,Credit Card
TXN-20260643,CUST-1273,Groceries,Cooking Oil 5L,2,2694.55,5389.1,29/01/2026,Karachi,EasyPaisa
TXN-20260644,CUST-1951,Groceries,Cooking Oil 5L,3,2513.51,7540.53,30/05/2026,Lahore,EasyPaisa
TXN-20260645,CUST-2367,Clothing,T-Shirt,5,1256.26,6281.3,02/05/2026,Multan,JazzCash
TXN-20260646,CUST-2087,Clothing,Kurtas,2,3081.24,6162.48,10/02/2026,Faisalabad,Cash
TXN-20260647,CUST-2144,Restaurant Orders,Biryani Platter,1,625.85,625.85,16/01/2026,Islamabad,Credit Card
TXN-20260648,CUST-2219,Restaurant Orders,Pizza Large,2,1588.26,3176.52,23/03/2026,Rawalpindi,Debit Card
TXN-20260649,CUST-1649,Supermarket Sales,Detergent Powder,4,1332.99,5331.96,02/04/2026,Multan,Credit Card
TXN-20260650,CUST-1906,Groceries,Cooking Oil 5L,4,2596.18,10384.72,24/05/2026,Islamabad,JazzCash
TXN-20260651,CUST-2254,Supermarket Sales,Detergent Powder,5,1409.34,7046.7,31/03/2026,Islamabad,EasyPaisa
TXN-20260652,CUST-2473,Groceries,Milk Pack 1L,5,302.02,1510.1,11/02/2026,Lahore,JazzCash
TXN-20260653,CUST-2033,Clothing,Jacket,3,4408.05,13224.15,19/05/2026,Islamabad,EasyPaisa
TXN-20260654,CUST-1873,Electronics,Smart Watch,2,5927.43,11854.86,05/01/2026,Rawalpindi,Debit Card
TXN-20260655,CUST-2122,Restaurant Orders,Burger Combo,1,834.76,834.76,18/06/2026,Rawalpindi,EasyPaisa
TXN-20260656,CUST-1913,Clothing,Socks Pack,5,610.99,3054.95,09/02/2026,Rawalpindi,Debit Card
TXN-20260657,CUST-1325,Groceries,Tea Pack,1,963.39,963.39,25/01/2026,Rawalpindi,Cash
TXN-20260658,CUST-1972,Electronics,Laptop,1,82268.43,82268.43,21/02/2026,Lahore,EasyPaisa
TXN-20260659,CUST-1921,Clothing,T-Shirt,4,1143.82,4575.28,18/06/2026,Faisalabad,JazzCash
TXN-20260660,CUST-1530,Restaurant Orders,Molten Lava Cake,3,439.02,1317.06,26/02/2026,Rawalpindi,Cash
TXN-20260661,CUST-1506,Electronics,Laptop,1,86323.87,86323.87,30/04/2026,Multan,Cash
TXN-20260662,CUST-2305,Groceries,Milk Pack 1L,4,297.06,1188.24,05/04/2026,Multan,Cash
TXN-20260663,CUST-1567,Restaurant Orders,Biryani Platter,1,601.74,601.74,19/03/2026,Lahore,Credit Card
TXN-20260664,CUST-2067,Restaurant Orders,Pizza Large,2,1584.2,3168.4,17/05/2026,Faisalabad,Credit Card
TXN-20260665,CUST-1992,Clothing,Socks Pack,5,609.41,3047.05,10/06/2026,Karachi,JazzCash
TXN-20260666,CUST-2283,Restaurant Orders,Cold Drink 1.5L,5,153.69,768.45,02/04/2026,Multan,EasyPaisa
TXN-20260667,CUST-1489,Supermarket Sales,Shampoo,2,821.68,1643.36,21/05/2026,Faisalabad,JazzCash
TXN-20260668,CUST-1562,Groceries,Basmati Rice 5kg,5,1806.1,9030.5,24/04/2026,Islamabad,Debit Card
TXN-20260669,CUST-1900,Restaurant Orders,Biryani Platter,4,620.69,2482.76,12/06/2026,Faisalabad,Debit Card
TXN-20260670,CUST-1158,Restaurant Orders,Burger Combo,2,855.37,1710.74,07/04/2026,Rawalpindi,Debit Card
TXN-20260671,CUST-2461,Groceries,Tea Pack,4,945.01,3780.04,01/01/2026,Multan,Cash
TXN-20260672,CUST-1585,Groceries,Milk Pack 1L,2,275.97,551.94,19/03/2026,Lahore,Debit Card
TXN-20260673,CUST-1480,Clothing,Jeans,1,2278.26,2278.26,12/03/2026,Rawalpindi,JazzCash
TXN-20260674,CUST-1556,Restaurant Orders,Molten Lava Cake,2,469.17,938.34,25/01/2026,Lahore,EasyPaisa
TXN-20260675,CUST-1687,Groceries,Basmati Rice 5kg,3,1734.91,5204.73,30/05/2026,Karachi,Credit Card
TXN-20260676,CUST-1654,Groceries,Sugar 5kg,4,719.39,2877.56,26/05/2026,Karachi,Cash
TXN-20260677,CUST-2106,Groceries,Tea Pack,5,918.93,,25/01/2026,Rawalpindi,Debit Card
TXN-20260678,CUST-1165,Electronics,Smart Watch,1,5928.93,5928.93,27/03/2026,Islamabad,EasyPaisa
TXN-20260679,CUST-1283,Supermarket Sales,Shampoo,2,881.43,1762.86,17/06/2026,Rawalpindi,Cash
TXN-20260680,CUST-1308,Supermarket Sales,Shampoo,1,833.41,833.41,23/03/2026,Rawalpindi,JazzCash
TXN-20260681,CUST-1473,Clothing,Kurtas,2,3000.72,6001.44,09/02/2026,Lahore,EasyPaisa
TXN-20260682,CUST-1784,Supermarket Sales,Dishwasher Liquid,1,453.39,453.39,26/02/2026,Faisalabad,Debit Card
TXN-20260683,CUST-2421,Supermarket Sales,Detergent Powder,1,1348.51,1348.51,02/05/2026,Rawalpindi,Cash
TXN-20260684,CUST-1312,Restaurant Orders,Cold Drink 1.5L,4,146.44,585.76,09/05/2026,Faisalabad,Credit Card
TXN-20260685,CUST-2446,Clothing,Jacket,4,4526.68,18106.72,12/04/2026,Multan,JazzCash
TXN-20260686,CUST-1438,Clothing,Socks Pack,5,606.96,3034.8,05/03/2026,Karachi,Cash
TXN-20260687,CUST-1131,Groceries,Tea Pack,5,933.22,4666.1,23/01/2026,Lahore,EasyPaisa
TXN-20260688,CUST-1849,Supermarket Sales,Body Wash,3,640.14,1920.42,30/03/2026,Rawalpindi,Cash
TXN-20260689,CUST-1834,Groceries,Basmati Rice 5kg,5,1887.78,9438.9,24/04/2026,Rawalpindi,Credit Card
TXN-20260690,CUST-1677,Supermarket Sales,Shampoo,2,886.06,1772.12,21/02/2026,Multan,Debit Card
TXN-20260691,CUST-2111,Clothing,T-Shirt,1,1153.48,1153.48,04/03/2026,Rawalpindi,Credit Card
TXN-20260692,CUST-1954,Groceries,Cooking Oil 5L,1,2559.25,2559.25,20/03/2026,Faisalabad,EasyPaisa
TXN-20260693,CUST-1851,Electronics,Bluetooth Speaker,5,3398.15,16990.75,24/02/2026,Karachi,JazzCash
TXN-20260694,CUST-1127,Restaurant Orders,Biryani Platter,5,602.93,3014.65,06/02/2026,Multan,Cash
TXN-20260695,CUST-1423,Supermarket Sales,Dishwasher Liquid,5,468.27,2341.35,12/01/2026,Islamabad,Credit Card
TXN-20260696,CUST-1860,Electronics,Bluetooth Speaker,5,3395.24,16976.2,11/03/2026,Lahore,EasyPaisa
TXN-20260697,CUST-1797,Electronics,Smart Phone,3,44498.9,133496.7,19/06/2026,Multan,Debit Card
TXN-20260698,CUST-2196,Electronics,Smart Phone,4,44066.23,176264.92,01/03/2026,Faisalabad,JazzCash
TXN-20260699,CUST-2424,Electronics,Bluetooth Speaker,5,3494.63,17473.15,17/05/2026,Lahore,Credit Card
TXN-20260700,CUST-1040,Clothing,Socks Pack,5,628.01,3140.05,06/01/2026,Lahore,Credit Card
TXN-20260701,CUST-2179,Restaurant Orders,Biryani Platter,4,590.01,2360.04,10/02/2026,Lahore,Debit Card
TXN-20260702,CUST-1779,Groceries,Sugar 5kg,2,759.39,1518.78,09/05/2026,Islamabad,Cash
TXN-20260703,CUST-1976,Groceries,Tea Pack,1,987.09,987.09,23/05/2026,Islamabad,Credit Card
TXN-20260704,CUST-1012,Clothing,Kurtas,2,3119.15,6238.3,23/01/2026,Multan,EasyPaisa
TXN-20260705,CUST-1720,Restaurant Orders,Molten Lava Cake,2,466.77,933.54,17/04/2026,Karachi,JazzCash
TXN-20260706,CUST-1611,Clothing,Jacket,5,4711.74,23558.7,26/03/2026,Faisalabad,JazzCash
TXN-20260707,CUST-1798,Clothing,Jeans,5,2233.54,11167.7,19/05/2026,Multan,Credit Card
TXN-20260708,CUST-1858,Clothing,Kurtas,5,3056.56,15282.8,04/02/2026,Faisalabad,Credit Card
TXN-20260709,CUST-2102,Restaurant Orders,Burger Combo,5,834.49,4172.45,17/05/2026,Multan,Cash
TXN-20260710,CUST-2118,Clothing,Kurtas,2,3101.86,6203.72,08/01/2026,Islamabad,EasyPaisa
TXN-20260711,CUST-2235,Supermarket Sales,Body Wash,3,646.3,1938.9,08/02/2026,Karachi,Cash
TXN-20260712,CUST-1451,Clothing,Jeans,5,2095.76,10478.8,07/06/2026,Islamabad,JazzCash
TXN-20260713,CUST-1999,Restaurant Orders,Molten Lava Cake,2,437.89,875.78,01/03/2026,Multan,Cash
TXN-20260714,CUST-1449,Groceries,Cooking Oil 5L,4,2648.92,10595.68,04/02/2026,Rawalpindi,JazzCash
TXN-20260715,CUST-1558,Supermarket Sales,Body Wash,4,629.46,2517.84,06/05/2026,Faisalabad,Credit Card
TXN-20260716,CUST-1892,Clothing,Jeans,4,2139.78,8559.12,04/01/2026,Islamabad,EasyPaisa
TXN-20260717,CUST-1994,Clothing,Jeans,1,2256.71,2256.71,15/02/2026,Faisalabad,JazzCash
TXN-20260718,CUST-1059,Supermarket Sales,Body Wash,2,673.84,1347.68,20/04/2026,Faisalabad,Cash
TXN-20260719,CUST-1796,Restaurant Orders,Cold Drink 1.5L,4,153.3,613.2,06/06/2026,Multan,JazzCash
TXN-20260720,CUST-1688,Restaurant Orders,Molten Lava Cake,1,451.14,451.14,14/05/2026,Lahore,EasyPaisa
TXN-20260721,CUST-2369,Supermarket Sales,Shampoo,2,882.11,1764.22,13/05/2026,Rawalpindi,EasyPaisa
TXN-20260722,CUST-2390,Electronics,Smart Watch,1,5932.44,5932.44,18/02/2026,Islamabad,EasyPaisa
TXN-20260723,CUST-1828,Supermarket Sales,Body Wash,3,667.79,2003.37,29/04/2026,Karachi,EasyPaisa
TXN-20260724,CUST-2483,Groceries,Milk Pack 1L,5,302.15,1510.75,06/02/2026,Faisalabad,EasyPaisa
TXN-20260725,CUST-1338,Electronics,Smart Watch,5,5767.9,28839.5,20/05/2026,Karachi,EasyPaisa
TXN-20260726,CUST-1957,Supermarket Sales,Body Wash,2,646.81,1293.62,27/04/2026,Rawalpindi,Credit Card
TXN-20260727,CUST-1261,Supermarket Sales,Shampoo,2,828.76,1657.52,01/02/2026,Lahore,Cash
TXN-20260728,CUST-2274,Supermarket Sales,Body Wash,4,623.04,2492.16,11/05/2026,Rawalpindi,Credit Card
TXN-20260729,CUST-2093,Supermarket Sales,Dishwasher Liquid,2,444.63,889.26,27/03/2026,Rawalpindi,Credit Card
TXN-20260730,CUST-1055,Clothing,Jeans,1,2129.35,2129.35,18/04/2026,Islamabad,Debit Card
TXN-20260731,CUST-1806,Supermarket Sales,Body Wash,1,658.22,658.22,03/02/2026,Karachi,Cash
TXN-20260732,CUST-2212,Restaurant Orders,Biryani Platter,4,570.73,2282.92,08/05/2026,Rawalpindi,Cash
TXN-20260733,CUST-2155,Restaurant Orders,Cold Drink 1.5L,5,146.07,730.35,18/06/2026,Faisalabad,EasyPaisa
TXN-20260734,CUST-2357,Supermarket Sales,Toothpaste,5,335.28,1676.4,02/01/2026,Karachi,JazzCash
TXN-20260735,CUST-1055,Groceries,Milk Pack 1L,2,293.73,587.46,13/01/2026,Karachi,Credit Card
TXN-20260736,CUST-1171,Electronics,Bluetooth Speaker,1,3337.85,3337.85,20/06/2026,Rawalpindi,JazzCash
TXN-20260737,CUST-2316,Groceries,Sugar 5kg,1,781.53,781.53,28/01/2026,Faisalabad,Credit Card
TXN-20260738,CUST-1877,Clothing,Kurtas,5,3033.33,15166.65,27/05/2026,Rawalpindi,Credit Card
TXN-20260739,CUST-1277,Supermarket Sales,Dishwasher Liquid,1,443.71,443.71,24/01/2026,Islamabad,Debit Card
TXN-20260740,CUST-1945,Groceries,Tea Pack,4,980.43,3921.72,21/05/2026,Lahore,Debit Card
TXN-20260741,CUST-1372,Supermarket Sales,Detergent Powder,3,1347.08,4041.24,26/03/2026,Rawalpindi,EasyPaisa
TXN-20260742,CUST-1102,Restaurant Orders,Burger Combo,5,866.65,4333.25,15/01/2026,Lahore,JazzCash
TXN-20260743,CUST-1532,Restaurant Orders,Pizza Large,5,1647.3,8236.5,15/03/2026,Faisalabad,JazzCash
TXN-20260744,CUST-1776,Groceries,Sugar 5kg,5,751.9,3759.5,01/04/2026,Karachi,JazzCash
TXN-20260745,CUST-1670,Restaurant Orders,Cold Drink 1.5L,4,150.3,601.2,07/05/2026,Karachi,JazzCash
TXN-20260746,CUST-1433,Clothing,Kurtas,1,3143.78,3143.78,31/01/2026,Lahore,EasyPaisa
TXN-20260747,CUST-1931,Electronics,Laptop,4,87546.3,350185.2,16/04/2026,Lahore,Debit Card
TXN-20260748,CUST-1669,Groceries,Milk Pack 1L,2,298.88,597.76,03/01/2026,Multan,Credit Card
TXN-20260749,CUST-1691,Groceries,Sugar 5kg,3,771.76,2315.28,18/03/2026,Rawalpindi,JazzCash
TXN-20260750,CUST-1776,Groceries,Cooking Oil 5L,3,2499.6,7498.8,29/03/2026,Faisalabad,JazzCash
TXN-20260751,CUST-1569,Restaurant Orders,Pizza Large,2,1704.79,3409.58,26/03/2026,Islamabad,EasyPaisa
TXN-20260752,CUST-1863,Supermarket Sales,Shampoo,4,862.38,3449.52,09/02/2026,Multan,EasyPaisa
TXN-20260753,CUST-1516,Restaurant Orders,Biryani Platter,4,597.75,2391,15/01/2026,Rawalpindi,Debit Card
TXN-20260754,CUST-1167,Restaurant Orders,Biryani Platter,1,603.31,603.31,23/02/2026,Rawalpindi,Debit Card
TXN-20260755,CUST-1963,Groceries,Cooking Oil 5L,3,2722.1,8166.3,08/01/2026,Islamabad,EasyPaisa
TXN-20260756,CUST-1039,Restaurant Orders,Burger Combo,4,856.03,3424.12,17/02/2026,Rawalpindi,Cash
TXN-20260757,CUST-2104,Groceries,Sugar 5kg,3,765.74,2297.22,16/04/2026,Lahore,EasyPaisa
TXN-20260758,CUST-1106,Clothing,Kurtas,3,2985.57,8956.71,25/02/2026,Rawalpindi,Debit Card
TXN-20260759,CUST-1716,Clothing,T-Shirt,1,1184.91,1184.91,21/02/2026,Lahore,EasyPaisa
TXN-20260760,CUST-1459,Restaurant Orders,Pizza Large,5,1699.34,8496.7,09/02/2026,Karachi,Debit Card
TXN-20260761,CUST-2331,Supermarket Sales,Dishwasher Liquid,3,441.47,1324.41,06/02/2026,Lahore,JazzCash
TXN-20260762,CUST-1140,Clothing,Jeans,4,2249.41,8997.64,10/04/2026,Multan,JazzCash
TXN-20260763,CUST-2334,Electronics,Smart Phone,1,44149.42,44149.42,02/06/2026,Lahore,Debit Card
TXN-20260764,CUST-1082,Supermarket Sales,Shampoo,3,816.26,2448.78,06/01/2026,Rawalpindi,Debit Card
TXN-20260765,CUST-1063,Clothing,Kurtas,3,2910.17,8730.51,12/03/2026,Rawalpindi,Debit Card
TXN-20260766,CUST-1506,Supermarket Sales,Shampoo,2,830.68,,12/03/2026,Lahore,Cash
TXN-20260767,CUST-1408,Restaurant Orders,Molten Lava Cake,2,450.63,901.26,19/05/2026,Islamabad,JazzCash
TXN-20260768,CUST-1041,Groceries,Sugar 5kg,3,723.12,2169.36,27/05/2026,Karachi,Credit Card
TXN-20260769,CUST-2272,Electronics,Bluetooth Speaker,3,3539.64,10618.92,19/05/2026,Faisalabad,Cash
TXN-20260770,CUST-1312,Clothing,T-Shirt,1,1196.49,1196.49,28/01/2026,Faisalabad,Cash
TXN-20260771,CUST-1488,Electronics,Power Bank,5,2472.98,12364.9,01/06/2026,Multan,EasyPaisa
TXN-20260772,CUST-1258,Restaurant Orders,Biryani Platter,2,588.75,1177.5,17/05/2026,Lahore,EasyPaisa
TXN-20260773,CUST-1969,Restaurant Orders,Burger Combo,4,815.4,3261.6,25/01/2026,Faisalabad,Debit Card
TXN-20260774,CUST-2371,Supermarket Sales,Toothpaste,2,340.61,681.22,06/02/2026,Rawalpindi,Debit Card
TXN-20260775,CUST-1234,Groceries,Tea Pack,3,919.92,2759.76,25/03/2026,Faisalabad,EasyPaisa
TXN-20260776,CUST-2155,Electronics,Smart Phone,3,44889,134667,03/05/2026,Faisalabad,Credit Card
TXN-20260777,CUST-1446,Groceries,Sugar 5kg,2,757.83,1515.66,11/05/2026,Lahore,EasyPaisa
TXN-20260778,CUST-1952,Electronics,Bluetooth Speaker,1,3519.65,3519.65,19/03/2026,Rawalpindi,EasyPaisa
TXN-20260779,CUST-2432,Supermarket Sales,Dishwasher Liquid,5,446.1,2230.5,04/03/2026,Rawalpindi,Credit Card
TXN-20260780,CUST-1524,Supermarket Sales,Toothpaste,2,334.81,669.62,01/06/2026,Faisalabad,EasyPaisa
TXN-20260781,CUST-1755,Restaurant Orders,Biryani Platter,2,602.67,1205.34,14/02/2026,Multan,Cash
TXN-20260782,CUST-1343,Restaurant Orders,Cold Drink 1.5L,5,144.21,721.05,29/04/2026,Islamabad,JazzCash
TXN-20260783,CUST-2240,Electronics,Power Bank,4,2419.04,9676.16,18/01/2026,Rawalpindi,Cash
TXN-20260784,CUST-2243,Restaurant Orders,Cold Drink 1.5L,1,147.41,147.41,24/01/2026,Karachi,Credit Card
TXN-20260785,CUST-2471,Restaurant Orders,Pizza Large,2,1692.42,3384.84,26/04/2026,Rawalpindi,Debit Card
TXN-20260786,CUST-1234,Supermarket Sales,Dishwasher Liquid,2,453.51,907.02,22/02/2026,Multan,Debit Card
TXN-20260787,CUST-1335,Groceries,Milk Pack 1L,3,298.54,895.62,22/04/2026,Multan,Debit Card
TXN-20260788,CUST-1637,Electronics,Smart Watch,5,5704.87,28524.35,14/04/2026,Karachi,Debit Card
TXN-20260789,CUST-1221,Electronics,Bluetooth Speaker,1,3640.38,3640.38,01/01/2026,Multan,JazzCash
TXN-20260790,CUST-2185,Groceries,Cooking Oil 5L,1,2693.92,2693.92,02/03/2026,Faisalabad,JazzCash
TXN-20260791,CUST-1052,Supermarket Sales,Body Wash,4,663.77,2655.08,08/04/2026,Faisalabad,JazzCash
TXN-20260792,CUST-1638,Clothing,Jeans,2,2194.47,4388.94,23/05/2026,Faisalabad,Debit Card
TXN-20260793,CUST-2179,Supermarket Sales,Detergent Powder,2,1370.39,2740.78,04/02/2026,Lahore,Cash
TXN-20260794,CUST-2387,Electronics,Laptop,4,86881.38,347525.52,18/06/2026,Faisalabad,Credit Card
TXN-20260795,CUST-1768,Electronics,Laptop,4,86209.06,344836.24,27/04/2026,Multan,JazzCash
TXN-20260796,CUST-1812,Supermarket Sales,Dishwasher Liquid,5,435.59,2177.95,19/04/2026,Rawalpindi,EasyPaisa
TXN-20260797,CUST-2464,Supermarket Sales,Body Wash,4,632.17,2528.68,04/06/2026,Lahore,JazzCash
TXN-20260798,CUST-1406,Supermarket Sales,Detergent Powder,3,1429.7,4289.1,16/04/2026,Rawalpindi,JazzCash
TXN-20260799,CUST-1155,Groceries,Cooking Oil 5L,5,2724.34,13621.7,04/05/2026,Multan,Debit Card
TXN-20260800,CUST-2212,Electronics,Smart Watch,1,5988.92,5988.92,06/02/2026,Multan,JazzCash
TXN-20260801,CUST-2414,Groceries,Tea Pack,5,951.61,4758.05,06/06/2026,Lahore,Credit Card
TXN-20260802,CUST-2284,Supermarket Sales,Shampoo,5,865.65,4328.25,29/05/2026,Islamabad,JazzCash
TXN-20260803,CUST-1497,Electronics,Bluetooth Speaker,1,3512.26,3512.26,01/05/2026,Faisalabad,JazzCash
TXN-20260804,CUST-1208,Supermarket Sales,Dishwasher Liquid,4,460.52,1842.08,01/04/2026,Islamabad,Debit Card
TXN-20260805,CUST-2427,Clothing,T-Shirt,5,1223.41,6117.05,19/03/2026,Multan,JazzCash
TXN-20260806,CUST-1617,Groceries,Cooking Oil 5L,5,2633.62,13168.1,13/02/2026,Rawalpindi,Cash
TXN-20260807,CUST-2401,Groceries,Milk Pack 1L,4,276.29,1105.16,22/01/2026,Karachi,JazzCash
TXN-20260808,CUST-2229,Electronics,Bluetooth Speaker,5,3413.22,17066.1,13/03/2026,Islamabad,Debit Card
TXN-20260809,CUST-1247,Electronics,Smart Phone,5,45467.2,227336,08/02/2026,Multan,EasyPaisa
TXN-20260810,CUST-2159,Groceries,Basmati Rice 5kg,2,1757.03,3514.06,05/05/2026,Karachi,JazzCash
TXN-20260811,CUST-1084,Electronics,Bluetooth Speaker,2,3669.43,7338.86,02/06/2026,Karachi,EasyPaisa
TXN-20260812,CUST-1711,Supermarket Sales,Toothpaste,4,340.83,1363.32,13/06/2026,Karachi,Credit Card
TXN-20260813,CUST-2091,Restaurant Orders,Biryani Platter,3,573.26,1719.78,30/01/2026,Lahore,Credit Card
TXN-20260814,CUST-1877,Supermarket Sales,Toothpaste,4,349.17,1396.68,17/05/2026,Karachi,EasyPaisa
TXN-20260815,CUST-2354,Supermarket Sales,Toothpaste,5,341.69,1708.45,22/04/2026,Lahore,Debit Card
TXN-20260816,CUST-1758,Supermarket Sales,Toothpaste,5,356.25,1781.25,11/01/2026,Lahore,JazzCash
TXN-20260817,CUST-1141,Groceries,Tea Pack,3,960.5,2881.5,27/03/2026,Islamabad,Debit Card
TXN-20260818,CUST-2036,Electronics,Bluetooth Speaker,4,3554.02,14216.08,29/04/2026,Multan,Credit Card
TXN-20260819,CUST-2326,Restaurant Orders,Burger Combo,2,851.7,1703.4,22/03/2026,Rawalpindi,Cash
TXN-20260820,CUST-1698,Electronics,Smart Phone,1,42803.83,42803.83,15/05/2026,Lahore,EasyPaisa
TXN-20260821,CUST-1025,Groceries,Basmati Rice 5kg,3,1840.55,,19/02/2026,Lahore,Cash
TXN-20260822,CUST-1860,Restaurant Orders,Pizza Large,5,1576.89,7884.45,18/06/2026,Karachi,JazzCash
TXN-20260823,CUST-2003,Electronics,Smart Phone,5,43138.74,215693.7,03/02/2026,Faisalabad,JazzCash
TXN-20260824,CUST-1216,Clothing,T-Shirt,3,1223.48,3670.44,17/03/2026,Faisalabad,Cash
TXN-20260825,CUST-1887,Supermarket Sales,Body Wash,3,667.51,2002.53,07/03/2026,Karachi,Cash
TXN-20260826,CUST-1741,Groceries,Cooking Oil 5L,3,2569.53,7708.59,16/01/2026,Islamabad,Debit Card
TXN-20260827,CUST-2301,Clothing,Jacket,2,4306.23,8612.46,06/06/2026,Faisalabad,Credit Card
TXN-20260828,CUST-1941,Supermarket Sales,Shampoo,4,819.73,3278.92,25/02/2026,Rawalpindi,Cash
TXN-20260829,CUST-2448,Supermarket Sales,Body Wash,1,624.21,624.21,19/01/2026,Rawalpindi,Debit Card
TXN-20260830,CUST-1313,Supermarket Sales,Shampoo,2,883.7,1767.4,17/06/2026,Multan,Cash
TXN-20260831,CUST-1891,Electronics,Power Bank,3,2441.61,7324.83,11/04/2026,Rawalpindi,Cash
TXN-20260832,CUST-1360,Restaurant Orders,Cold Drink 1.5L,4,149.67,598.68,18/01/2026,Rawalpindi,Credit Card
TXN-20260833,CUST-2068,Electronics,Power Bank,4,2613.54,10454.16,01/02/2026,Rawalpindi,JazzCash
TXN-20260834,CUST-2332,Groceries,Sugar 5kg,4,763.64,3054.56,15/01/2026,Multan,Cash
TXN-20260835,CUST-1553,Groceries,Milk Pack 1L,3,300.25,900.75,21/01/2026,Faisalabad,Debit Card
TXN-20260836,CUST-2261,Clothing,Jeans,4,2211.98,8847.92,19/06/2026,Karachi,Debit Card
TXN-20260837,CUST-2102,Supermarket Sales,Shampoo,3,861.1,2583.3,05/05/2026,Lahore,EasyPaisa
TXN-20260838,CUST-1990,Clothing,Jeans,1,2097.85,2097.85,01/06/2026,Karachi,EasyPaisa
TXN-20260839,CUST-1952,Supermarket Sales,Shampoo,3,874.88,,08/05/2026,Rawalpindi,EasyPaisa
TXN-20260840,CUST-1892,Electronics,Smart Phone,3,44276.78,132830.34,11/01/2026,Faisalabad,Cash
TXN-20260841,CUST-2497,Clothing,Socks Pack,5,597.5,2987.5,08/02/2026,Multan,JazzCash
TXN-20260842,CUST-2213,Clothing,T-Shirt,2,1144.43,2288.86,06/05/2026,Multan,Cash
TXN-20260843,CUST-1549,Supermarket Sales,Dishwasher Liquid,2,429.56,859.12,04/01/2026,Karachi,Cash
TXN-20260844,CUST-1660,Groceries,Cooking Oil 5L,2,2588.61,5177.22,01/06/2026,Lahore,Cash
TXN-20260845,CUST-1502,Electronics,Power Bank,5,2523.74,12618.7,26/02/2026,Lahore,Credit Card
TXN-20260846,CUST-1177,Supermarket Sales,Body Wash,4,670.25,2681,25/03/2026,Lahore,JazzCash
TXN-20260847,CUST-1571,Restaurant Orders,Burger Combo,2,834.84,1669.68,12/01/2026,Rawalpindi,Credit Card
TXN-20260848,CUST-1923,Groceries,Cooking Oil 5L,2,2501.39,5002.78,17/04/2026,Karachi,Debit Card
TXN-20260849,CUST-1499,Restaurant Orders,Burger Combo,5,844.79,4223.95,11/01/2026,Karachi,Cash
TXN-20260850,CUST-1951,Restaurant Orders,Cold Drink 1.5L,1,154.16,,05/05/2026,Lahore,Cash
TXN-20260851,CUST-2167,Electronics,Laptop,5,88622.16,443110.8,14/03/2026,Faisalabad,EasyPaisa
TXN-20260852,CUST-2249,Clothing,Jeans,3,2121.48,6364.44,14/05/2026,Faisalabad,EasyPaisa
TXN-20260853,CUST-2368,Clothing,Jeans,1,2224.32,2224.32,02/06/2026,Karachi,EasyPaisa
TXN-20260854,CUST-1776,Restaurant Orders,Pizza Large,3,1670.99,5012.97,31/03/2026,Faisalabad,Cash
TXN-20260855,CUST-1688,Restaurant Orders,Burger Combo,5,823.81,4119.05,25/01/2026,Rawalpindi,Debit Card
TXN-20260856,CUST-1058,Restaurant Orders,Molten Lava Cake,2,437.37,,12/03/2026,Lahore,Credit Card
TXN-20260857,CUST-2012,Electronics,Laptop,4,86574.57,346298.28,08/05/2026,Karachi,Credit Card
TXN-20260858,CUST-1665,Electronics,Smart Phone,3,45651.87,136955.61,23/02/2026,Faisalabad,Debit Card
TXN-20260859,CUST-1372,Groceries,Milk Pack 1L,4,298.85,1195.4,12/01/2026,Lahore,Cash
TXN-20260860,CUST-1998,Restaurant Orders,Burger Combo,1,820.93,820.93,05/05/2026,Rawalpindi,Cash
TXN-20260861,CUST-1434,Electronics,Laptop,5,86881.93,434409.65,29/05/2026,Islamabad,EasyPaisa
TXN-20260862,CUST-1726,Clothing,Kurtas,1,2919.02,2919.02,25/03/2026,Karachi,Cash
TXN-20260863,CUST-1529,Clothing,Jacket,4,4666.45,18665.8,26/02/2026,Lahore,EasyPaisa
TXN-20260864,CUST-1697,Restaurant Orders,Cold Drink 1.5L,4,143.32,573.28,07/02/2026,Karachi,JazzCash
TXN-20260865,CUST-1572,Supermarket Sales,Detergent Powder,2,1384.23,2768.46,28/04/2026,Multan,Credit Card
TXN-20260866,CUST-2220,Groceries,Sugar 5kg,2,727.67,,09/01/2026,Multan,JazzCash
TXN-20260867,CUST-2436,Electronics,Bluetooth Speaker,4,3372.78,13491.12,28/04/2026,Faisalabad,Credit Card
TXN-20260868,CUST-1565,Groceries,Basmati Rice 5kg,5,1869.55,9347.75,10/02/2026,Multan,JazzCash
TXN-20260869,CUST-2138,Clothing,Socks Pack,2,628.21,1256.42,23/01/2026,Faisalabad,JazzCash
TXN-20260870,CUST-1020,Supermarket Sales,Detergent Powder,4,1412.82,5651.28,13/03/2026,Lahore,EasyPaisa
TXN-20260871,CUST-2058,Clothing,Jeans,5,2162.01,10810.05,26/02/2026,Rawalpindi,Credit Card
TXN-20260872,CUST-1391,Restaurant Orders,Pizza Large,1,1636.43,1636.43,11/01/2026,Faisalabad,JazzCash
TXN-20260873,CUST-1175,Electronics,Power Bank,4,2507.78,10031.12,26/01/2026,Faisalabad,EasyPaisa
TXN-20260874,CUST-1494,Clothing,T-Shirt,1,1207.02,1207.02,15/04/2026,Karachi,Credit Card
TXN-20260875,CUST-2474,Groceries,Sugar 5kg,1,730.43,730.43,05/01/2026,Faisalabad,Debit Card
TXN-20260876,CUST-1832,Clothing,Jacket,5,4661.06,23305.3,07/01/2026,Faisalabad,EasyPaisa
TXN-20260877,CUST-2000,Clothing,Jacket,3,4358.23,13074.69,10/06/2026,Faisalabad,Cash
TXN-20260878,CUST-2137,Electronics,Power Bank,3,2598.36,7795.08,16/05/2026,Lahore,Debit Card
TXN-20260879,CUST-1492,Supermarket Sales,Body Wash,5,662.87,3314.35,19/05/2026,Rawalpindi,Credit Card
TXN-20260880,CUST-2414,Electronics,Smart Watch,1,6228.51,6228.51,12/05/2026,Multan,Debit Card
TXN-20260881,CUST-1975,Electronics,Smart Phone,4,44473.3,177893.2,08/06/2026,Lahore,Debit Card
TXN-20260882,CUST-2322,Groceries,Basmati Rice 5kg,1,1826.67,1826.67,24/05/2026,Multan,Credit Card
TXN-20260883,CUST-2457,Clothing,Kurtas,1,2921.59,2921.59,16/06/2026,Faisalabad,JazzCash
TXN-20260884,CUST-2005,Clothing,Jeans,3,2160.5,6481.5,09/05/2026,Multan,EasyPaisa
TXN-20260885,CUST-1917,Groceries,Cooking Oil 5L,3,2486.48,7459.44,26/04/2026,Faisalabad,JazzCash
TXN-20260886,CUST-1035,Restaurant Orders,Pizza Large,5,1645.08,8225.4,17/05/2026,Islamabad,EasyPaisa
TXN-20260887,CUST-1190,Restaurant Orders,Biryani Platter,1,617.99,617.99,18/02/2026,Faisalabad,Cash
TXN-20260888,CUST-1602,Electronics,Power Bank,3,2599.49,7798.47,20/01/2026,Lahore,Credit Card
TXN-20260889,CUST-1453,Groceries,Cooking Oil 5L,4,2651.24,10604.96,08/02/2026,Karachi,JazzCash
TXN-20260890,CUST-1828,Electronics,Bluetooth Speaker,5,3470.79,17353.95,03/02/2026,Faisalabad,Debit Card
TXN-20260891,CUST-2416,Supermarket Sales,Toothpaste,1,358.32,358.32,16/03/2026,Karachi,Cash
TXN-20260892,CUST-1498,Electronics,Laptop,5,87847.05,439235.25,15/06/2026,Islamabad,EasyPaisa
TXN-20260893,CUST-1627,Restaurant Orders,Biryani Platter,3,609.35,1828.05,05/05/2026,Rawalpindi,JazzCash
TXN-20260894,CUST-2359,Restaurant Orders,Cold Drink 1.5L,5,149.37,746.85,03/02/2026,Islamabad,Credit Card
TXN-20260895,CUST-2191,Groceries,Basmati Rice 5kg,3,1797.16,5391.48,13/01/2026,Karachi,Debit Card
TXN-20260896,CUST-1755,Groceries,Tea Pack,5,993.34,4966.7,11/02/2026,Multan,JazzCash
TXN-20260897,CUST-1969,Groceries,Basmati Rice 5kg,2,1885.18,3770.36,11/02/2026,Karachi,Cash
TXN-20260898,CUST-2133,Electronics,Bluetooth Speaker,4,3526.08,14104.32,08/03/2026,Islamabad,Credit Card
TXN-20260899,CUST-2087,Clothing,Socks Pack,3,612.43,1837.29,30/03/2026,Karachi,Debit Card
TXN-20260900,CUST-1704,Supermarket Sales,Dishwasher Liquid,5,471.4,2357,19/03/2026,Lahore,Cash
TXN-20260901,CUST-1871,Supermarket Sales,Toothpaste,4,359.4,1437.6,23/03/2026,Karachi,Cash
TXN-20260902,CUST-2127,Restaurant Orders,Molten Lava Cake,3,442.41,1327.23,02/05/2026,Islamabad,JazzCash
TXN-20260903,CUST-1677,Clothing,Socks Pack,4,613.71,2454.84,28/03/2026,Multan,Cash
TXN-20260904,CUST-1720,Supermarket Sales,Shampoo,5,819.35,4096.75,30/01/2026,Islamabad,Cash
TXN-20260905,CUST-2439,Supermarket Sales,Dishwasher Liquid,4,465.34,1861.36,02/04/2026,Lahore,Debit Card
TXN-20260906,CUST-1929,Electronics,Smart Watch,5,6084.79,30423.95,15/05/2026,Karachi,Debit Card
TXN-20260907,CUST-1554,Clothing,T-Shirt,4,1150.03,4600.12,23/01/2026,Rawalpindi,EasyPaisa
TXN-20260908,CUST-1627,Clothing,Jacket,5,4417.99,22089.95,11/05/2026,Lahore,Debit Card
TXN-20260909,CUST-1514,Supermarket Sales,Detergent Powder,4,1430.23,5720.92,05/04/2026,Faisalabad,Debit Card
TXN-20260910,CUST-1472,Electronics,Bluetooth Speaker,3,3445.72,10337.16,25/04/2026,Rawalpindi,Cash
TXN-20260911,CUST-1247,Clothing,Jacket,4,4608.69,18434.76,24/04/2026,Islamabad,Credit Card
TXN-20260912,CUST-2477,Supermarket Sales,Toothpaste,5,337.38,1686.9,03/06/2026,Lahore,Credit Card
TXN-20260913,CUST-1394,Clothing,Kurtas,5,2992.38,14961.9,27/03/2026,Lahore,JazzCash
TXN-20260914,CUST-1646,Supermarket Sales,Shampoo,3,808.06,2424.18,17/04/2026,Karachi,JazzCash
TXN-20260915,CUST-1244,Supermarket Sales,Dishwasher Liquid,2,461.49,922.98,21/02/2026,Karachi,EasyPaisa
TXN-20260916,CUST-2097,Groceries,Milk Pack 1L,3,289.73,869.19,30/05/2026,Islamabad,EasyPaisa
TXN-20260917,CUST-2413,Restaurant Orders,Cold Drink 1.5L,1,145.87,145.87,09/02/2026,Islamabad,Debit Card
TXN-20260918,CUST-1379,Supermarket Sales,Shampoo,3,863.07,2589.21,17/04/2026,Karachi,EasyPaisa
TXN-20260919,CUST-1392,Clothing,T-Shirt,3,1154.32,3462.96,07/05/2026,Lahore,JazzCash
TXN-20260920,CUST-1443,Groceries,Milk Pack 1L,4,289.43,1157.72,08/03/2026,Multan,EasyPaisa
TXN-20260921,CUST-1991,Electronics,Bluetooth Speaker,5,3504.38,17521.9,05/01/2026,Islamabad,Credit Card
TXN-20260922,CUST-1566,Restaurant Orders,Pizza Large,4,1591.61,6366.44,04/02/2026,Islamabad,Credit Card
TXN-20260923,CUST-2483,Electronics,Bluetooth Speaker,3,3451.41,10354.23,13/01/2026,Islamabad,Debit Card
TXN-20260924,CUST-2207,Restaurant Orders,Pizza Large,2,1652.29,3304.58,25/01/2026,Rawalpindi,Credit Card
TXN-20260925,CUST-2074,Restaurant Orders,Biryani Platter,3,622.35,1867.05,11/03/2026,Multan,Debit Card
TXN-20260926,CUST-2222,Electronics,Smart Watch,2,6048.03,12096.06,04/01/2026,Karachi,JazzCash
TXN-20260927,CUST-1579,Groceries,Sugar 5kg,4,770.91,3083.64,29/03/2026,Karachi,Cash
TXN-20260928,CUST-1205,Clothing,Jeans,2,2200.74,4401.48,24/05/2026,Rawalpindi,JazzCash
TXN-20260929,CUST-1397,Restaurant Orders,Molten Lava Cake,1,459.1,459.1,17/04/2026,Faisalabad,Cash
TXN-20260930,CUST-1606,Electronics,Laptop,4,88598.98,354395.92,31/03/2026,Islamabad,Debit Card
TXN-20260931,CUST-1465,Clothing,Jacket,5,4675.38,23376.9,14/05/2026,Islamabad,Credit Card
TXN-20260932,CUST-1739,Groceries,Cooking Oil 5L,1,2663.56,2663.56,26/02/2026,Karachi,Credit Card
TXN-20260933,CUST-1367,Clothing,Kurtas,2,2887.6,5775.2,21/01/2026,Faisalabad,Cash
TXN-20260934,CUST-1619,Electronics,Smart Phone,4,46236.12,184944.48,11/01/2026,Karachi,Cash
TXN-20260935,CUST-1028,Electronics,Smart Watch,4,6055.91,24223.64,31/01/2026,Islamabad,Cash
TXN-20260936,CUST-2450,Electronics,Bluetooth Speaker,1,3558.66,3558.66,01/02/2026,Rawalpindi,Credit Card
TXN-20260937,CUST-2093,Restaurant Orders,Burger Combo,3,823.21,2469.63,08/01/2026,Lahore,Credit Card
TXN-20260938,CUST-1259,Groceries,Milk Pack 1L,2,285.59,571.18,09/05/2026,Multan,JazzCash
TXN-20260939,CUST-1561,Clothing,Socks Pack,1,604.21,604.21,29/05/2026,Lahore,JazzCash
TXN-20260940,CUST-1093,Clothing,Jeans,2,2302.14,4604.28,18/05/2026,Lahore,Cash
TXN-20260941,CUST-1111,Clothing,Socks Pack,4,621.08,2484.32,04/04/2026,Multan,JazzCash
TXN-20260942,CUST-2133,Clothing,Jacket,1,4578.09,4578.09,16/02/2026,Islamabad,EasyPaisa
TXN-20260943,CUST-1598,Supermarket Sales,Detergent Powder,4,1402,5608,29/01/2026,Islamabad,Cash
TXN-20260944,CUST-2428,Supermarket Sales,Shampoo,4,851.68,3406.72,03/04/2026,Multan,Debit Card
TXN-20260945,CUST-1258,Restaurant Orders,Pizza Large,4,1581.07,6324.28,30/01/2026,Faisalabad,Debit Card
TXN-20260946,CUST-2306,Supermarket Sales,Dishwasher Liquid,4,460.63,1842.52,27/02/2026,Rawalpindi,EasyPaisa
TXN-20260947,CUST-2005,Groceries,Tea Pack,1,920.43,920.43,02/05/2026,Multan,Debit Card
TXN-20260948,CUST-1210,Clothing,T-Shirt,4,1259.85,5039.4,27/01/2026,Faisalabad,EasyPaisa
TXN-20260949,CUST-1025,Restaurant Orders,Pizza Large,4,1587.17,6348.68,13/04/2026,Multan,JazzCash
TXN-20260950,CUST-2175,Electronics,Laptop,2,81300.04,162600.08,28/03/2026,Karachi,JazzCash
TXN-20260951,CUST-1582,Supermarket Sales,Shampoo,4,827.29,3309.16,08/05/2026,Islamabad,JazzCash
TXN-20260952,CUST-1961,Restaurant Orders,Biryani Platter,4,615.38,2461.52,02/04/2026,Faisalabad,JazzCash
TXN-20260953,CUST-1980,Supermarket Sales,Toothpaste,2,350.4,700.8,27/04/2026,Lahore,Cash
TXN-20260954,CUST-1902,Groceries,Tea Pack,2,949.74,1899.48,08/01/2026,Lahore,Cash
TXN-20260955,CUST-1697,Electronics,Power Bank,2,2544.53,5089.06,08/04/2026,Rawalpindi,Debit Card
TXN-20260956,CUST-1377,Clothing,Kurtas,1,3036.59,3036.59,20/01/2026,Multan,JazzCash
TXN-20260957,CUST-1105,Supermarket Sales,Toothpaste,4,339.57,1358.28,06/05/2026,Rawalpindi,Debit Card
TXN-20260958,CUST-1517,Restaurant Orders,Biryani Platter,5,618.57,3092.85,20/05/2026,Lahore,Cash
TXN-20260959,CUST-1978,Supermarket Sales,Shampoo,3,840.11,2520.33,07/04/2026,Faisalabad,EasyPaisa
TXN-20260960,CUST-1233,Electronics,Smart Phone,3,43545.91,130637.73,12/02/2026,Faisalabad,EasyPaisa
TXN-20260961,CUST-1133,Clothing,Kurtas,4,3064.72,12258.88,29/01/2026,Rawalpindi,EasyPaisa
TXN-20260962,CUST-1820,Restaurant Orders,Molten Lava Cake,4,453.25,1813,24/05/2026,Karachi,JazzCash
TXN-20260963,CUST-2007,Electronics,Power Bank,5,2440.85,12204.25,07/04/2026,Rawalpindi,Debit Card
TXN-20260964,CUST-1151,Groceries,Sugar 5kg,5,717.11,3585.55,12/01/2026,Karachi,Debit Card
TXN-20260965,CUST-2181,Groceries,Milk Pack 1L,3,276.28,828.84,08/04/2026,Lahore,EasyPaisa
TXN-20260966,CUST-2289,Groceries,Sugar 5kg,1,743.39,743.39,19/06/2026,Karachi,Credit Card
TXN-20260967,CUST-2405,Clothing,Kurtas,1,3027.76,3027.76,20/03/2026,Lahore,Debit Card
TXN-20260968,CUST-1109,Clothing,T-Shirt,1,1204.61,1204.61,28/04/2026,Multan,EasyPaisa
TXN-20260969,CUST-1310,Restaurant Orders,Molten Lava Cake,3,468.06,1404.18,06/01/2026,Multan,EasyPaisa
TXN-20260970,CUST-1305,Restaurant Orders,Pizza Large,4,1730.15,6920.6,27/05/2026,Faisalabad,Debit Card
TXN-20260971,CUST-2152,Restaurant Orders,Pizza Large,1,1700.87,1700.87,22/02/2026,Islamabad,EasyPaisa
TXN-20260972,CUST-1622,Restaurant Orders,Biryani Platter,3,580,1740,04/04/2026,Faisalabad,Credit Card
TXN-20260973,CUST-1174,Supermarket Sales,Shampoo,5,878.93,4394.65,24/02/2026,Islamabad,Debit Card
TXN-20260974,CUST-1508,Electronics,Bluetooth Speaker,4,3673.68,14694.72,27/02/2026,Rawalpindi,Cash
TXN-20260975,CUST-1242,Restaurant Orders,Pizza Large,3,1665.16,,18/01/2026,Rawalpindi,JazzCash
TXN-20260976,CUST-2142,Supermarket Sales,Toothpaste,1,339.84,339.84,16/06/2026,Islamabad,JazzCash
TXN-20260977,CUST-1852,Groceries,Tea Pack,3,965.53,2896.59,21/02/2026,Faisalabad,EasyPaisa
TXN-20260978,CUST-2241,Groceries,Milk Pack 1L,5,290.45,1452.25,16/02/2026,Lahore,JazzCash
TXN-20260979,CUST-2220,Clothing,Socks Pack,4,599.95,2399.8,10/03/2026,Multan,JazzCash
TXN-20260980,CUST-2266,Restaurant Orders,Cold Drink 1.5L,1,156.52,156.52,14/05/2026,Karachi,Debit Card
TXN-20260981,CUST-1462,Supermarket Sales,Detergent Powder,3,1363.65,4090.95,22/04/2026,Faisalabad,Debit Card
TXN-20260982,CUST-2070,Electronics,Laptop,3,87940.72,263822.16,15/03/2026,Multan,Credit Card
TXN-20260983,CUST-1779,Groceries,Milk Pack 1L,2,282.35,564.7,30/01/2026,Karachi,Credit Card
TXN-20260984,CUST-1922,Electronics,Laptop,3,87524.88,262574.64,29/04/2026,Faisalabad,JazzCash
TXN-20260985,CUST-1906,Supermarket Sales,Toothpaste,1,355.14,355.14,21/02/2026,Karachi,Debit Card
TXN-20260986,CUST-1608,Clothing,T-Shirt,3,1171.01,3513.03,18/06/2026,Rawalpindi,Credit Card
TXN-20260987,CUST-2205,Electronics,Power Bank,1,2570.56,2570.56,22/01/2026,Islamabad,JazzCash
TXN-20260988,CUST-1878,Groceries,Cooking Oil 5L,4,2704.15,10816.6,04/04/2026,Multan,Cash
TXN-20260989,CUST-1625,Supermarket Sales,Detergent Powder,5,1363.05,6815.25,09/05/2026,Lahore,JazzCash
TXN-20260990,CUST-2164,Restaurant Orders,Molten Lava Cake,1,438.83,438.83,02/03/2026,Rawalpindi,Cash
TXN-20260991,CUST-2271,Groceries,Sugar 5kg,4,774.93,3099.72,02/03/2026,Faisalabad,Credit Card
TXN-20260992,CUST-1123,Clothing,T-Shirt,3,1161.02,3483.06,23/04/2026,Faisalabad,Debit Card
TXN-20260993,CUST-2248,Restaurant Orders,Pizza Large,3,1648.41,4945.23,29/01/2026,Islamabad,JazzCash
TXN-20260994,CUST-1203,Supermarket Sales,Toothpaste,3,356.4,1069.2,07/02/2026,Islamabad,EasyPaisa
TXN-20260995,CUST-1425,Groceries,Sugar 5kg,5,714.08,3570.4,09/01/2026,Multan,Cash
TXN-20260996,CUST-2281,Clothing,Kurtas,3,3015.82,9047.46,13/06/2026,Multan,Debit Card
TXN-20260997,CUST-1432,Electronics,Smart Watch,4,6220.17,24880.68,10/04/2026,Lahore,EasyPaisa
TXN-20260998,CUST-1541,Groceries,Sugar 5kg,2,719.27,1438.54,18/03/2026,Karachi,Credit Card
TXN-20260999,CUST-2352,Supermarket Sales,Body Wash,4,674.67,2698.68,09/01/2026,Islamabad,Cash
TXN-20261000,CUST-1166,Supermarket Sales,Toothpaste,3,358.29,1074.87,19/04/2026,Lahore,Credit Card
TXN-20261001,CUST-1321,Groceries,Milk Pack 1L,4,277.42,1109.68,04/06/2026,Multan,JazzCash
TXN-20261002,CUST-1491,Groceries,Tea Pack,1,968.54,968.54,14/06/2026,Multan,Credit Card
TXN-20261003,CUST-1355,Supermarket Sales,Detergent Powder,2,1330.43,2660.86,10/06/2026,Islamabad,Debit Card
TXN-20261004,CUST-2130,Restaurant Orders,Pizza Large,2,1585.79,3171.58,13/05/2026,Multan,Credit Card
TXN-20261005,CUST-1153,Restaurant Orders,Cold Drink 1.5L,3,154.39,463.17,26/04/2026,Faisalabad,Credit Card
TXN-20261006,CUST-1320,Groceries,Basmati Rice 5kg,3,1833.74,5501.22,14/03/2026,Karachi,Cash
TXN-20261007,CUST-1005,Supermarket Sales,Body Wash,4,629.32,2517.28,27/05/2026,Karachi,Cash
TXN-20261008,CUST-1836,Electronics,Smart Watch,2,6088.26,12176.52,23/01/2026,Faisalabad,Credit Card
TXN-20261009,CUST-1922,Groceries,Basmati Rice 5kg,5,1718.96,8594.8,20/04/2026,Rawalpindi,Debit Card
TXN-20261010,CUST-2411,Clothing,T-Shirt,2,1254.96,2509.92,26/05/2026,Lahore,Cash
TXN-20261011,CUST-2216,Restaurant Orders,Cold Drink 1.5L,4,154.1,616.4,07/05/2026,Lahore,Credit Card
TXN-20261012,CUST-1962,Clothing,Jeans,3,2298.13,6894.39,15/03/2026,Multan,EasyPaisa
TXN-20261013,CUST-1596,Supermarket Sales,Detergent Powder,2,1390.38,2780.76,03/06/2026,Karachi,Debit Card
TXN-20261014,CUST-1066,Clothing,Jacket,2,4356.17,8712.34,08/01/2026,Islamabad,Debit Card
TXN-20261015,CUST-1474,Clothing,Socks Pack,2,597.06,1194.12,05/04/2026,Rawalpindi,EasyPaisa
TXN-20261016,CUST-1590,Electronics,Smart Phone,3,44859.97,134579.91,12/04/2026,Multan,Credit Card
TXN-20261017,CUST-2447,Supermarket Sales,Toothpaste,3,358.26,1074.78,19/01/2026,Lahore,JazzCash
TXN-20261018,CUST-1579,Electronics,Smart Phone,2,44247.88,88495.76,01/05/2026,Islamabad,JazzCash
TXN-20261019,CUST-2439,Restaurant Orders,Pizza Large,5,1568.38,7841.9,08/06/2026,Faisalabad,Debit Card
TXN-20261020,CUST-1929,Supermarket Sales,Body Wash,5,626.1,3130.5,11/01/2026,Rawalpindi,Credit Card
TXN-20261021,CUST-1145,Groceries,Basmati Rice 5kg,3,1800.67,5402.01,30/04/2026,Karachi,Cash
TXN-20261022,CUST-2407,Groceries,Milk Pack 1L,3,288.05,864.15,30/01/2026,Islamabad,Cash
TXN-20261023,CUST-1478,Clothing,Jacket,3,4667.26,14001.78,03/04/2026,Faisalabad,Debit Card
TXN-20261024,CUST-1541,Groceries,Milk Pack 1L,3,299.56,898.68,13/05/2026,Islamabad,EasyPaisa
TXN-20261025,CUST-2280,Clothing,Kurtas,4,3071.06,12284.24,08/02/2026,Rawalpindi,EasyPaisa
TXN-20261026,CUST-2207,Electronics,Laptop,2,82013.28,164026.56,16/02/2026,Lahore,EasyPaisa
TXN-20261027,CUST-2354,Groceries,Basmati Rice 5kg,4,1837.07,7348.28,30/01/2026,Faisalabad,Cash
TXN-20261028,CUST-1405,Supermarket Sales,Body Wash,5,681.77,3408.85,05/05/2026,Faisalabad,EasyPaisa
TXN-20261029,CUST-1870,Electronics,Laptop,1,81801.06,81801.06,22/02/2026,Islamabad,Credit Card
TXN-20261030,CUST-1235,Clothing,Socks Pack,5,619.35,3096.75,19/06/2026,Rawalpindi,Credit Card
TXN-20261031,CUST-2115,Restaurant Orders,Pizza Large,5,1654.29,8271.45,16/02/2026,Faisalabad,Cash
TXN-20261032,CUST-1460,Clothing,Jacket,3,4579.61,13738.83,07/01/2026,Islamabad,Cash
TXN-20261033,CUST-2326,Supermarket Sales,Body Wash,1,655.87,655.87,24/03/2026,Karachi,Cash
TXN-20261034,CUST-1305,Electronics,Power Bank,4,2582.67,10330.68,27/04/2026,Multan,Debit Card
TXN-20261035,CUST-1544,Restaurant Orders,Pizza Large,1,1621.86,1621.86,17/06/2026,Rawalpindi,EasyPaisa
TXN-20261036,CUST-1291,Groceries,Milk Pack 1L,1,279.25,279.25,14/06/2026,Islamabad,Debit Card
TXN-20261037,CUST-1146,Electronics,Smart Phone,5,45212.2,226061,08/04/2026,Lahore,EasyPaisa
TXN-20261038,CUST-1122,Groceries,Basmati Rice 5kg,4,1753.21,7012.84,23/01/2026,Lahore,Credit Card
TXN-20261039,CUST-1339,Clothing,Jacket,3,4625.77,13877.31,15/06/2026,Multan,Credit Card
TXN-20261040,CUST-1629,Electronics,Bluetooth Speaker,4,3496.8,13987.2,21/03/2026,Multan,JazzCash
TXN-20261041,CUST-2218,Clothing,Kurtas,3,3049.66,9148.98,12/05/2026,Karachi,EasyPaisa
TXN-20261042,CUST-2165,Supermarket Sales,Toothpaste,5,349.18,1745.9,03/06/2026,Faisalabad,Cash
TXN-20261043,CUST-1591,Supermarket Sales,Body Wash,4,657.4,2629.6,11/06/2026,Faisalabad,Cash
TXN-20261044,CUST-1899,Electronics,Smart Watch,4,5905.05,23620.2,27/02/2026,Multan,Credit Card
TXN-20261045,CUST-1254,Supermarket Sales,Dishwasher Liquid,5,455.83,2279.15,22/01/2026,Islamabad,EasyPaisa
TXN-20261046,CUST-1959,Supermarket Sales,Shampoo,4,884.61,3538.44,18/03/2026,Karachi,Credit Card
TXN-20261047,CUST-2410,Groceries,Basmati Rice 5kg,3,1804.16,5412.48,26/05/2026,Lahore,JazzCash
TXN-20261048,CUST-1622,Electronics,Smart Phone,5,45060.37,225301.85,19/04/2026,Faisalabad,Cash
TXN-20261049,CUST-2433,Supermarket Sales,Dishwasher Liquid,3,464.08,1392.24,07/03/2026,Rawalpindi,Cash
TXN-20261050,CUST-1824,Restaurant Orders,Pizza Large,4,1586.3,6345.2,15/02/2026,Karachi,EasyPaisa
TXN-20261051,CUST-1557,Electronics,Smart Phone,3,44623.13,133869.39,22/03/2026,Rawalpindi,EasyPaisa
TXN-20261052,CUST-2024,Supermarket Sales,Dishwasher Liquid,3,463.85,1391.55,17/02/2026,Karachi,Credit Card
TXN-20261053,CUST-2105,Electronics,Smart Watch,1,5855.59,5855.59,22/04/2026,Rawalpindi,Cash
TXN-20261054,CUST-2011,Electronics,Power Bank,2,2404.17,4808.34,17/06/2026,Faisalabad,EasyPaisa
TXN-20261055,CUST-1896,Supermarket Sales,Dishwasher Liquid,3,460.17,1380.51,08/06/2026,Rawalpindi,Debit Card
TXN-20261056,CUST-1164,Supermarket Sales,Body Wash,2,623.2,1246.4,04/01/2026,Karachi,Cash
TXN-20261057,CUST-2224,Electronics,Laptop,2,88051.6,176103.2,04/05/2026,Multan,Credit Card
TXN-20261058,CUST-1081,Clothing,Jacket,5,4653.94,23269.7,18/02/2026,Lahore,Debit Card
TXN-20261059,CUST-1884,Supermarket Sales,Detergent Powder,1,1396.36,1396.36,30/01/2026,Karachi,Credit Card
TXN-20261060,CUST-1660,Supermarket Sales,Toothpaste,4,349,1396,30/05/2026,Karachi,Credit Card
TXN-20261061,CUST-2236,Groceries,Milk Pack 1L,4,299.55,1198.2,14/01/2026,Islamabad,Cash
TXN-20261062,CUST-1512,Electronics,Power Bank,4,2619.87,10479.48,29/05/2026,Rawalpindi,JazzCash
TXN-20261063,CUST-1052,Groceries,Cooking Oil 5L,4,2596.75,10387,12/05/2026,Rawalpindi,JazzCash
TXN-20261064,CUST-1187,Supermarket Sales,Detergent Powder,5,1430,7150,05/01/2026,Faisalabad,JazzCash
TXN-20261065,CUST-1468,Groceries,Milk Pack 1L,4,277.34,1109.36,02/05/2026,Lahore,EasyPaisa
TXN-20261066,CUST-2380,Restaurant Orders,Biryani Platter,4,596.9,2387.6,06/01/2026,Karachi,Debit Card
TXN-20261067,CUST-2178,Clothing,Jacket,2,4429.73,8859.46,10/05/2026,Karachi,JazzCash
TXN-20261068,CUST-2202,Groceries,Milk Pack 1L,4,300.25,1201,03/02/2026,Islamabad,EasyPaisa
TXN-20261069,CUST-1042,Supermarket Sales,Body Wash,2,669.24,1338.48,09/06/2026,Karachi,Debit Card
TXN-20261070,CUST-2376,Electronics,Power Bank,2,2407.27,4814.54,10/02/2026,Rawalpindi,EasyPaisa
TXN-20261071,CUST-1551,Electronics,Power Bank,4,2610.76,10443.04,19/03/2026,Karachi,Credit Card
TXN-20261072,CUST-2180,Restaurant Orders,Pizza Large,3,1732.38,5197.14,08/03/2026,Islamabad,Credit Card
TXN-20261073,CUST-1082,Clothing,Socks Pack,1,571.92,571.92,28/03/2026,Faisalabad,Cash
TXN-20261074,CUST-1358,Restaurant Orders,Burger Combo,2,817.76,1635.52,05/05/2026,Islamabad,Debit Card
TXN-20261075,CUST-1963,Groceries,Cooking Oil 5L,5,2670.22,13351.1,10/03/2026,Karachi,JazzCash
TXN-20261076,CUST-2062,Restaurant Orders,Pizza Large,4,1684.06,6736.24,28/04/2026,Lahore,Cash
TXN-20261077,CUST-2334,Restaurant Orders,Molten Lava Cake,1,462.7,462.7,24/05/2026,Lahore,JazzCash
TXN-20261078,CUST-1905,Electronics,Laptop,2,86104.37,172208.74,03/04/2026,Karachi,Debit Card
TXN-20261079,CUST-1569,Supermarket Sales,Dishwasher Liquid,1,449.93,449.93,09/02/2026,Multan,Debit Card
TXN-20261080,CUST-1371,Groceries,Basmati Rice 5kg,2,1732.14,3464.28,23/04/2026,Faisalabad,Cash
TXN-20261081,CUST-2198,Clothing,Jacket,5,4428.59,22142.95,13/02/2026,Lahore,Debit Card
TXN-20261082,CUST-1892,Groceries,Tea Pack,2,936.76,1873.52,08/02/2026,Rawalpindi,EasyPaisa
TXN-20261083,CUST-2300,Clothing,Jeans,4,2266.39,9065.56,15/04/2026,Faisalabad,JazzCash
TXN-20261084,CUST-2007,Groceries,Cooking Oil 5L,1,2585.07,2585.07,13/05/2026,Lahore,Cash
TXN-20261085,CUST-1186,Groceries,Sugar 5kg,2,742.62,1485.24,22/04/2026,Lahore,EasyPaisa
TXN-20261086,CUST-1962,Electronics,Laptop,1,88421.34,88421.34,11/06/2026,Multan,JazzCash
TXN-20261087,CUST-1712,Groceries,Tea Pack,5,940.69,4703.45,19/03/2026,Multan,Debit Card
TXN-20261088,CUST-1836,Groceries,Cooking Oil 5L,5,2685.02,13425.1,06/06/2026,Karachi,EasyPaisa
TXN-20261089,CUST-1682,Supermarket Sales,Detergent Powder,5,1454.26,7271.3,08/06/2026,Multan,EasyPaisa
TXN-20261090,CUST-1657,Groceries,Tea Pack,3,976.16,2928.48,22/01/2026,Lahore,JazzCash
TXN-20261091,CUST-2372,Groceries,Tea Pack,2,971.38,1942.76,14/05/2026,Rawalpindi,Debit Card
TXN-20261092,CUST-1214,Clothing,T-Shirt,3,1201.4,3604.2,14/05/2026,Islamabad,Credit Card
TXN-20261093,CUST-1329,Electronics,Smart Phone,5,46756.44,233782.2,01/06/2026,Islamabad,Credit Card
TXN-20261094,CUST-1675,Groceries,Tea Pack,1,996.26,996.26,16/01/2026,Islamabad,Debit Card
TXN-20261095,CUST-1843,Restaurant Orders,Biryani Platter,1,577.43,577.43,25/04/2026,Islamabad,JazzCash
TXN-20261096,CUST-2420,Electronics,Power Bank,2,2459.75,4919.5,29/05/2026,Rawalpindi,JazzCash
TXN-20261097,CUST-2014,Restaurant Orders,Burger Combo,3,837.28,2511.84,20/06/2026,Multan,JazzCash
TXN-20261098,CUST-1590,Clothing,Jacket,2,4508.85,9017.7,27/01/2026,Islamabad,JazzCash
TXN-20261099,CUST-2356,Restaurant Orders,Burger Combo,3,877.44,2632.32,27/04/2026,Lahore,Credit Card
TXN-20261100,CUST-1820,Supermarket Sales,Toothpaste,1,335.37,335.37,19/04/2026,Karachi,EasyPaisa
TXN-20261101,CUST-2126,Clothing,Jacket,5,4310.13,21550.65,14/04/2026,Rawalpindi,JazzCash
TXN-20261102,CUST-1075,Restaurant Orders,Cold Drink 1.5L,5,155.58,777.9,08/05/2026,Multan,EasyPaisa
TXN-20261103,CUST-1931,Supermarket Sales,Toothpaste,4,358.11,1432.44,11/02/2026,Karachi,JazzCash
TXN-20261104,CUST-1180,Clothing,Jacket,2,4595.02,9190.04,12/05/2026,Rawalpindi,Cash
TXN-20261105,CUST-1644,Clothing,Jacket,2,4488.01,8976.02,24/05/2026,Islamabad,Cash
TXN-20261106,CUST-1516,Restaurant Orders,Cold Drink 1.5L,3,144.16,432.48,27/05/2026,Islamabad,Cash
TXN-20261107,CUST-1662,Restaurant Orders,Burger Combo,3,817.51,2452.53,06/04/2026,Islamabad,Debit Card
TXN-20261108,CUST-1237,Supermarket Sales,Shampoo,2,874.75,1749.5,31/05/2026,Faisalabad,Cash
TXN-20261109,CUST-1827,Groceries,Sugar 5kg,4,728.67,2914.68,01/01/2026,Lahore,JazzCash
TXN-20261110,CUST-2053,Groceries,Cooking Oil 5L,4,2696.31,10785.24,04/05/2026,Rawalpindi,Debit Card
TXN-20261111,CUST-1002,Restaurant Orders,Cold Drink 1.5L,4,156,624,02/05/2026,Multan,JazzCash
TXN-20261112,CUST-2346,Clothing,Jeans,4,2201.05,8804.2,26/04/2026,Multan,EasyPaisa
TXN-20261113,CUST-2111,Clothing,Kurtas,5,2876.79,14383.95,20/06/2026,Rawalpindi,EasyPaisa
TXN-20261114,CUST-1946,Supermarket Sales,Detergent Powder,3,1456.03,4368.09,19/05/2026,Lahore,EasyPaisa
TXN-20261115,CUST-1846,Groceries,Cooking Oil 5L,1,2695.15,2695.15,27/05/2026,Multan,Debit Card
TXN-20261116,CUST-1111,Restaurant Orders,Pizza Large,1,1673.75,1673.75,19/02/2026,Rawalpindi,JazzCash
TXN-20261117,CUST-1384,Restaurant Orders,Pizza Large,5,1725.45,8627.25,18/02/2026,Faisalabad,JazzCash
TXN-20261118,CUST-2061,Electronics,Smart Phone,5,45712.14,228560.7,16/02/2026,Lahore,Debit Card
TXN-20261119,CUST-1740,Clothing,Jeans,5,2272.53,11362.65,24/04/2026,Lahore,JazzCash
TXN-20261120,CUST-2275,Restaurant Orders,Biryani Platter,1,594.11,594.11,06/05/2026,Lahore,Debit Card
TXN-20261121,CUST-2020,Supermarket Sales,Detergent Powder,5,1388.09,,23/03/2026,Faisalabad,Debit Card
TXN-20261122,CUST-2280,Electronics,Smart Phone,5,47159.04,235795.2,13/02/2026,Islamabad,Credit Card
TXN-20261123,CUST-1905,Clothing,Kurtas,2,3080.49,6160.98,20/03/2026,Faisalabad,Credit Card
TXN-20261124,CUST-1105,Electronics,Smart Watch,2,6276.67,12553.34,07/01/2026,Multan,Cash
TXN-20261125,CUST-1416,Groceries,Tea Pack,2,911.88,1823.76,16/04/2026,Islamabad,Debit Card
TXN-20261126,CUST-1546,Supermarket Sales,Shampoo,2,811.91,1623.82,02/06/2026,Rawalpindi,Credit Card
TXN-20261127,CUST-2124,Supermarket Sales,Dishwasher Liquid,4,461.36,1845.44,30/01/2026,Islamabad,Cash
TXN-20261128,CUST-1268,Groceries,Tea Pack,1,955.05,955.05,04/05/2026,Lahore,EasyPaisa
TXN-20261129,CUST-1589,Clothing,T-Shirt,5,1172.3,5861.5,26/01/2026,Karachi,JazzCash
TXN-20261130,CUST-1897,Clothing,Kurtas,4,3020.47,12081.88,22/01/2026,Multan,JazzCash
TXN-20261131,CUST-2430,Clothing,Jeans,2,2172.13,4344.26,04/03/2026,Rawalpindi,EasyPaisa
TXN-20261132,CUST-1992,Restaurant Orders,Cold Drink 1.5L,4,143.13,572.52,08/06/2026,Islamabad,Credit Card
TXN-20261133,CUST-1248,Electronics,Smart Phone,4,46950.78,187803.12,11/03/2026,Rawalpindi,Debit Card
TXN-20261134,CUST-1059,Supermarket Sales,Body Wash,2,672.26,1344.52,30/05/2026,Rawalpindi,Debit Card
TXN-20261135,CUST-2290,Electronics,Laptop,5,87033.06,435165.3,18/01/2026,Islamabad,Cash
TXN-20261136,CUST-2246,Supermarket Sales,Shampoo,5,878.09,4390.45,13/03/2026,Faisalabad,Credit Card
TXN-20261137,CUST-1490,Restaurant Orders,Molten Lava Cake,3,470.58,1411.74,29/03/2026,Multan,Debit Card
TXN-20261138,CUST-2453,Supermarket Sales,Body Wash,3,633.49,1900.47,29/03/2026,Karachi,EasyPaisa
TXN-20261139,CUST-1324,Restaurant Orders,Biryani Platter,2,570.95,1141.9,15/06/2026,Lahore,JazzCash
TXN-20261140,CUST-1636,Supermarket Sales,Shampoo,2,884.12,1768.24,16/04/2026,Rawalpindi,EasyPaisa
TXN-20261141,CUST-2128,Supermarket Sales,Dishwasher Liquid,1,431.15,431.15,18/05/2026,Lahore,EasyPaisa
TXN-20261142,CUST-1028,Electronics,Bluetooth Speaker,4,3665.21,14660.84,03/06/2026,Islamabad,EasyPaisa
TXN-20261143,CUST-2131,Clothing,T-Shirt,3,1154.97,3464.91,19/02/2026,Faisalabad,Cash
TXN-20261144,CUST-1835,Clothing,T-Shirt,3,1231.01,3693.03,19/02/2026,Lahore,JazzCash
TXN-20261145,CUST-1190,Groceries,Basmati Rice 5kg,4,1752.17,7008.68,03/04/2026,Lahore,Debit Card
TXN-20261146,CUST-1460,Supermarket Sales,Dishwasher Liquid,2,436.91,873.82,13/06/2026,Faisalabad,Cash
TXN-20261147,CUST-1232,Groceries,Milk Pack 1L,2,290.01,580.02,22/05/2026,Karachi,JazzCash
TXN-20261148,CUST-1945,Restaurant Orders,Molten Lava Cake,5,435.4,2177,02/02/2026,Multan,Cash
TXN-20261149,CUST-1240,Clothing,Kurtas,2,3130.07,6260.14,14/05/2026,Multan,Debit Card
TXN-20261150,CUST-2326,Clothing,T-Shirt,5,1259.03,6295.15,07/06/2026,Islamabad,JazzCash
TXN-20261151,CUST-1315,Supermarket Sales,Shampoo,1,887.22,887.22,24/03/2026,Faisalabad,EasyPaisa
TXN-20261152,CUST-2020,Groceries,Cooking Oil 5L,4,2646.85,10587.4,07/05/2026,Islamabad,JazzCash
TXN-20261153,CUST-2467,Electronics,Laptop,4,81149.2,324596.8,17/05/2026,Faisalabad,Debit Card
TXN-20261154,CUST-1597,Electronics,Power Bank,1,2423.65,2423.65,27/05/2026,Lahore,Credit Card
TXN-20261155,CUST-2042,Supermarket Sales,Shampoo,2,885.44,1770.88,12/02/2026,Islamabad,Debit Card
TXN-20261156,CUST-2444,Electronics,Smart Phone,4,42875.43,171501.72,07/01/2026,Rawalpindi,Debit Card
TXN-20261157,CUST-1559,Groceries,Basmati Rice 5kg,2,1729.41,3458.82,29/03/2026,Lahore,Debit Card
TXN-20261158,CUST-1850,Restaurant Orders,Burger Combo,5,887.7,4438.5,08/06/2026,Faisalabad,Cash
TXN-20261159,CUST-1988,Supermarket Sales,Dishwasher Liquid,1,433.12,433.12,09/01/2026,Faisalabad,Debit Card
TXN-20261160,CUST-1967,Electronics,Laptop,4,81277.02,325108.08,15/01/2026,Islamabad,JazzCash
TXN-20261161,CUST-1499,Supermarket Sales,Shampoo,1,816.16,816.16,24/05/2026,Lahore,Debit Card
TXN-20261162,CUST-1935,Supermarket Sales,Toothpaste,4,335.85,1343.4,01/03/2026,Rawalpindi,JazzCash
TXN-20261163,CUST-2128,Electronics,Power Bank,4,2470.98,9883.92,08/06/2026,Rawalpindi,Cash
TXN-20261164,CUST-1296,Groceries,Cooking Oil 5L,3,2588.06,7764.18,31/05/2026,Karachi,Cash
TXN-20261165,CUST-1785,Electronics,Smart Phone,1,45428.29,45428.29,01/06/2026,Karachi,JazzCash
TXN-20261166,CUST-1390,Clothing,Socks Pack,4,585.38,2341.52,04/05/2026,Multan,JazzCash
TXN-20261167,CUST-2227,Supermarket Sales,Detergent Powder,1,1364.04,1364.04,16/01/2026,Karachi,Debit Card
TXN-20261168,CUST-2040,Restaurant Orders,Cold Drink 1.5L,3,150.2,450.6,21/03/2026,Rawalpindi,JazzCash
TXN-20261169,CUST-1279,Clothing,Jeans,5,2193.3,10966.5,29/03/2026,Islamabad,Debit Card
TXN-20261170,CUST-1142,Electronics,Smart Watch,2,6051.86,12103.72,15/01/2026,Karachi,JazzCash
TXN-20261171,CUST-1565,Restaurant Orders,Pizza Large,2,1637.14,3274.28,21/02/2026,Multan,Credit Card
TXN-20261172,CUST-1849,Electronics,Bluetooth Speaker,4,3391.27,13565.08,30/04/2026,Rawalpindi,Debit Card
TXN-20261173,CUST-1696,Restaurant Orders,Molten Lava Cake,5,470.84,2354.2,18/03/2026,Faisalabad,Debit Card
TXN-20261174,CUST-2039,Clothing,T-Shirt,1,1194.52,1194.52,07/05/2026,Karachi,Cash
TXN-20261175,CUST-1547,Clothing,Jeans,2,2192.64,4385.28,03/03/2026,Faisalabad,Debit Card
TXN-20261176,CUST-1005,Supermarket Sales,Detergent Powder,1,1386.04,1386.04,03/04/2026,Lahore,Cash
TXN-20261177,CUST-1579,Groceries,Cooking Oil 5L,2,2614.22,5228.44,16/03/2026,Faisalabad,Credit Card
TXN-20261178,CUST-2486,Restaurant Orders,Biryani Platter,1,572.63,572.63,20/02/2026,Karachi,Debit Card
TXN-20261179,CUST-1611,Clothing,Jeans,2,2284.78,,28/03/2026,Rawalpindi,Credit Card
TXN-20261180,CUST-2202,Clothing,Jeans,3,2094.73,6284.19,26/01/2026,Lahore,Credit Card
TXN-20261181,CUST-2187,Supermarket Sales,Shampoo,2,836.26,1672.52,20/03/2026,Faisalabad,Credit Card
TXN-20261182,CUST-2351,Groceries,Sugar 5kg,5,762.07,3810.35,09/06/2026,Faisalabad,Cash
TXN-20261183,CUST-2002,Electronics,Laptop,2,88253.15,176506.3,18/02/2026,Karachi,JazzCash
TXN-20261184,CUST-1304,Supermarket Sales,Body Wash,4,638.17,2552.68,12/06/2026,Karachi,Cash
TXN-20261185,CUST-1914,Restaurant Orders,Molten Lava Cake,5,436.01,2180.05,17/03/2026,Karachi,Debit Card
TXN-20261186,CUST-2103,Clothing,T-Shirt,3,1215.54,3646.62,02/02/2026,Rawalpindi,JazzCash
TXN-20261187,CUST-1991,Supermarket Sales,Detergent Powder,4,1431.82,5727.28,19/06/2026,Rawalpindi,Cash
TXN-20261188,CUST-1706,Clothing,Socks Pack,5,593.29,2966.45,06/04/2026,Faisalabad,JazzCash
TXN-20261189,CUST-1680,Supermarket Sales,Detergent Powder,3,1375.06,4125.18,15/05/2026,Multan,EasyPaisa
TXN-20261190,CUST-2130,Supermarket Sales,Toothpaste,4,341.89,1367.56,13/06/2026,Rawalpindi,Cash
TXN-20261191,CUST-2112,Clothing,Jeans,4,2286.87,9147.48,02/03/2026,Faisalabad,Credit Card
TXN-20261192,CUST-1772,Groceries,Tea Pack,5,986.93,4934.65,10/02/2026,Islamabad,Debit Card
TXN-20261193,CUST-1932,Restaurant Orders,Pizza Large,1,1589.66,1589.66,17/03/2026,Faisalabad,JazzCash
TXN-20261194,CUST-1659,Groceries,Basmati Rice 5kg,4,1815.11,7260.44,12/05/2026,Rawalpindi,Debit Card
TXN-20261195,CUST-1386,Supermarket Sales,Toothpaste,4,348.86,1395.44,05/04/2026,Faisalabad,Debit Card
TXN-20261196,CUST-2428,Groceries,Tea Pack,4,904.85,3619.4,01/03/2026,Islamabad,Cash
TXN-20261197,CUST-1489,Groceries,Cooking Oil 5L,5,2546.57,12732.85,12/05/2026,Rawalpindi,Cash
TXN-20261198,CUST-2171,Groceries,Basmati Rice 5kg,1,1727.71,1727.71,03/04/2026,Lahore,JazzCash
TXN-20261199,CUST-1784,Clothing,Kurtas,3,2908.99,8726.97,06/03/2026,Islamabad,Debit Card
TXN-20261200,CUST-1478,Clothing,Socks Pack,5,629.88,3149.4,08/03/2026,Lahore,Debit Card
